Symbol,Series,Date,Prev Close,Open Price,High Price,Low Price,Last Price,Close Price,Average Price,Total Traded Quantity,Turnover,No. of Trades
HDFC,EQ,10-Sep-20,1760.75,1781,1792.95,1760,1770.5,1777.45,1774.76,3245630,5760203452,118585
HDFC,W3,10-Sep-20,324.95,321.05,324,321,322.05,322.7,323.55,46800,15142290,19
HDFC,EQ,11-Sep-20,1777.45,1771,1786,1760,1765.05,1768.15,1768.63,2232185,3947909488,89221
HDFC,W3,11-Sep-20,322.7,322.05,322.05,315.25,318,318,318.31,39600,12604950,60
HDFC,EQ,14-Sep-20,1768.15,1781,1796.85,1728.4,1736.05,1738,1759.24,4061493,7145131677,168602
HDFC,W3,14-Sep-20,318,318,320,310.1,314,313.15,317.4,31800,10093470,32
HDFC,EQ,15-Sep-20,1738,1754.9,1777,1742.8,1763,1758.75,1760.23,3159537,5561510107,109456
HDFC,W3,15-Sep-20,313.15,315.05,315.05,311.55,315,315,314.84,15000,4722630,21
HDFC,EQ,16-Sep-20,1758.75,1766,1774.7,1743.45,1768,1768.15,1759.83,2592551,4562444207,108625
HDFC,W3,16-Sep-20,315,320,324,315.1,319,318.8,319.81,55200,17653680,47
HDFC,EQ,17-Sep-20,1768.15,1750,1773.2,1736.5,1749,1744.35,1749.72,3191905,5584934694,127780
HDFC,W3,17-Sep-20,318.8,319.95,320.1,318.05,318.05,318.05,320.02,166200,53187120,22
HDFC,EQ,18-Sep-20,1744.35,1752.9,1754.75,1708.3,1732.6,1724,1730.17,5642506,9762521718,179497
HDFC,W3,18-Sep-20,318.05,317.25,318.45,312,314.95,314.95,315.56,12000,3786660,19
HDFC,EQ,21-Sep-20,1724,1722.8,1738.75,1701.85,1707.75,1708.15,1723.01,3174505,5469699128,130442
HDFC,W3,21-Sep-20,314.95,315,317.95,310,310,310,312.2,9600,2997150,15
HDFC,EQ,22-Sep-20,1708.15,1716.25,1716.25,1672,1676.4,1674.85,1686.53,3615745,6098064204,178315
HDFC,W3,22-Sep-20,310,301.1,305,297.1,300,300,303.42,97200,29492790,134
HDFC,EQ,23-Sep-20,1674.85,1694,1696.65,1650.4,1667,1667.1,1673.26,4803637,8037715007,200608
HDFC,W3,23-Sep-20,300,298,301,297,298.2,298.2,299.8,16800,5036640,16
HDFC,EQ,24-Sep-20,1667.1,1646.8,1654.15,1623,1636.25,1636.85,1637.34,5673754,9289858200,197468
HDFC,W3,24-Sep-20,298.2,299.95,300,295.7,300,300,299.28,7200,2154810,8
HDFC,EQ,25-Sep-20,1636.85,1651.95,1657.8,1628.1,1652.75,1652,1645.77,4046773,6660064455,134783
HDFC,W3,25-Sep-20,300,299.95,300,296.15,300,300,299.4,7800,2335320,10
HDFC,EQ,28-Sep-20,1652,1672.9,1692.6,1658,1685,1681.45,1678.77,2739071,4598260285,105938
HDFC,W3,28-Sep-20,300,300,300,298,300,300,299.89,38400,11515770,44
HDFC,EQ,29-Sep-20,1681.45,1692,1720,1682.1,1712.65,1713.1,1701.62,3696138,6289406785,143476
HDFC,W3,29-Sep-20,300,300,300.5,299,299,299,299.99,26400,7919700,33
HDFC,EQ,30-Sep-20,1713.1,1716.9,1744.25,1703.2,1733,1740.05,1728.35,3594715,6212925377,170194
HDFC,W3,30-Sep-20,299,295,299.95,295,298.5,298.5,298.77,12600,3764550,19
HDFC,EQ,01-Oct-20,1740.05,1755,1799.85,1750,1787.8,1790.65,1784.49,3706206,6613676467,126251
HDFC,W3,01-Oct-20,298.5,300,300,298.1,300,299.55,299.92,51000,15295980,67
HDFC,EQ,05-Oct-20,1790.65,1784,1816.5,1775.7,1782.35,1785.1,1799.82,4056801,7301503881,184302
HDFC,W3,05-Oct-20,299.55,304.95,305,300,304,304.95,304.58,55200,16812540,19
HDFC,EQ,06-Oct-20,1785.1,1803.15,1943.7,1803.15,1920,1934.4,1896.91,16829628,31924298556,538170
HDFC,W3,06-Oct-20,304.95,314.95,321.7,309,320,319.95,316.82,256800,81358110,224
HDFC,EQ,07-Oct-20,1934.4,1945,1964.85,1908.85,1952,1948.75,1941.72,7038044,13665892734,249998
HDFC,W3,07-Oct-20,319.95,319.7,320,317,319.95,318.85,319.56,39600,12654600,58
HDFC,EQ,08-Oct-20,1948.75,1952.5,1988.45,1938.5,1947.8,1949.25,1965.11,4589506,9018901318,200847
HDFC,W3,08-Oct-20,318.85,319.95,329.95,319,320.25,321.7,322.41,136200,43912050,145
HDFC,EQ,09-Oct-20,1949.25,1945,2029.85,1938,1966,1957.65,1987.39,10848230,21559674797,324810
HDFC,W3,09-Oct-20,321.7,326.7,346.7,322.5,332.4,330.25,329.62,216600,71395950,260
HDFC,EQ,12-Oct-20,1957.65,1965,1998.95,1942.3,1963.95,1965.4,1967.77,3651557,7185427649,138149
HDFC,W3,12-Oct-20,330.25,337.85,337.85,330,332,333.15,332.29,79200,26317680,90
HDFC,EQ,13-Oct-20,1965.4,1962,1986.65,1930.55,1939,1943.4,1955.06,3351027,6551466215,136009
HDFC,W3,13-Oct-20,333.15,331.05,331.05,325,325,325,329.57,134400,44293680,84
HDFC,EQ,14-Oct-20,1943.4,1935,1989,1919.05,1978.1,1979.85,1950.1,3108218,6061329760,117744
HDFC,W3,14-Oct-20,325,321.1,330,321,330,329.95,328.91,30000,9867150,34
HDFC,EQ,15-Oct-20,1979.85,1983,2020,1938.25,1947.05,1947.2,1983.18,5170267,10253552906,185795
HDFC,W3,15-Oct-20,329.95,330,342.2,319,320,320,329.88,85200,28105470,83
HDFC,EQ,16-Oct-20,1947.2,1948.4,1983.7,1939.35,1958.6,1961.7,1959.14,3238617,6344903292,131973
HDFC,W3,16-Oct-20,320,320.05,326,320.05,326,326,324.01,2400,777630,3
HDFC,EQ,19-Oct-20,1961.7,1985,2039.9,1983.1,2033.25,2031.5,2020.74,6591617,13319959804,188322
HDFC,W3,19-Oct-20,326,333.85,333.85,330,332.9,332.35,331.44,124200,41164950,123
HDFC,EQ,20-Oct-20,2031.5,2025,2041.7,2004.05,2017.1,2015.3,2021.91,4733065,9569809331,188405
HDFC,W3,20-Oct-20,332.35,330.9,333,326,329,329.55,329.57,114600,37768170,139
HDFC,EQ,21-Oct-20,2015.3,2030,2067.45,2005.35,2045.8,2048.75,2047.11,8166501,16717703468,223144
HDFC,W3,21-Oct-20,329.55,333,349,333,345.15,344.4,343.91,96600,33222000,122
HDFC,EQ,22-Oct-20,2048.75,2038.3,2063,2023.15,2046,2042.55,2042.61,5030745,10275855914,220748
HDFC,W3,22-Oct-20,344.4,344.75,349.9,343,345,345,345.05,117600,40577940,112
HDFC,EQ,23-Oct-20,2042.55,2056,2067.9,2046,2062.75,2059.7,2055.96,3573911,7347820062,127950
HDFC,W3,23-Oct-20,345,349.5,371,349.5,365,365,358.72,126000,45199260,112
HDFC,EQ,26-Oct-20,2059.7,2058,2083.95,2052.75,2073,2073.35,2069.01,4927520,10195074348,148814
HDFC,W3,26-Oct-20,365,375,378.9,363,370,370,369.24,220200,81306930,180
HDFC,EQ,27-Oct-20,2073.35,2056,2064.8,2027,2029.75,2041.35,2050.39,4468948,9163074175,175630
HDFC,W3,27-Oct-20,370,363,371,361,364,368.15,364.78,40200,14664000,43
HDFC,EQ,28-Oct-20,2041.35,2045,2045,1965,1969.1,1968.9,1985.57,4636738,9206559404,238018
HDFC,W3,28-Oct-20,368.15,362,362,348.05,348.1,348.55,353.14,142200,50216250,168
HDFC,EQ,29-Oct-20,1968.9,1941.25,1970,1927.3,1937.55,1934.3,1947.27,3463664,6744689282,194216
HDFC,W3,29-Oct-20,348.55,346.9,352,346.5,351.45,351.25,349.79,66000,23085840,89
HDFC,EQ,30-Oct-20,1934.3,1930,1947,1906.85,1921,1923.55,1925.59,4322115,8322607584,162226
HDFC,W3,30-Oct-20,351.25,347,350,346,350,350,349.59,87600,30624360,133
HDFC,EQ,02-Nov-20,1923.55,1916,2065,1916,2022.3,2040.8,1994.92,7635981,15233134583,266011
HDFC,W3,02-Nov-20,350,348.55,385,347,374,377.45,361.3,116400,42055140,127
HDFC,EQ,03-Nov-20,2040.8,2030,2139.65,2030,2121.35,2130.95,2103.77,8905106,18734281984,328061
HDFC,W3,03-Nov-20,377.45,384,415.15,382,415.15,415.15,409.84,65400,26803740,98
HDFC,EQ,04-Nov-20,2130.95,2111.1,2134.95,2056.4,2085,2088.2,2091.7,5214238,10906600958,228842
HDFC,W3,04-Nov-20,415.15,415,450,412.55,440,442.6,430.43,79200,34090380,106
HDFC,EQ,05-Nov-20,2088.2,2106,2120,2084.3,2102.3,2100.7,2099.14,4117187,8642543843,158099
HDFC,W3,05-Nov-20,442.6,440,452.9,434.05,435,435,442.99,21600,9568560,35
HDFC,EQ,06-Nov-20,2100.7,2110,2145,2102.45,2136.35,2138.45,2126.85,4607710,9799922470,153460
HDFC,W3,06-Nov-20,435,446.9,458,445.15,445.15,445.15,453.39,22200,10065150,32
HDFC,EQ,09-Nov-20,2138.45,2150,2169.95,2138.2,2156,2152.1,2154.09,3529739,7603377838,107244
HDFC,W3,09-Nov-20,445.15,459.95,489.65,459.9,479,479,477.74,65400,31244040,67
HDFC,EQ,10-Nov-20,2152.1,2185,2288.8,2175.55,2268.95,2272.1,2246.62,8512622,19124668022,316631
HDFC,W3,10-Nov-20,479,509.7,526.9,506,526.9,526.9,513.88,81600,41932710,124
HDFC,EQ,11-Nov-20,2272.1,2279,2337,2273,2318,2324.3,2307.35,7235313,16694403655,205390
HDFC,W3,11-Nov-20,526.9,570,576.9,528.5,561,558.15,558.99,102600,57351870,161
HDFC,EQ,12-Nov-20,2324.3,2297.25,2343.8,2267.45,2326.05,2332.1,2300.57,6398213,14719512309,225111
HDFC,W3,12-Nov-20,558.15,535,559.9,527,553,552.55,545.76,39600,21612210,58
HDFC,EQ,13-Nov-20,2332.1,2320,2323.3,2284,2306.7,2306.75,2304.09,3999928,9216175813,130409
HDFC,W3,13-Nov-20,552.55,540,540,527,528,528.65,529.24,57000,30166920,63
HDFC,EQ,14-Nov-20,2306.75,2320,2329.35,2304,2312.6,2311.25,2314.53,374286,866294320.2,19227
HDFC,W3,14-Nov-20,528.65,537.95,540,535,539,538.65,537.74,5400,2903790,9
HDFC,EQ,17-Nov-20,2311.25,2339.9,2364.75,2307.4,2344.85,2349,2332.31,7393052,17242915956,173799
HDFC,W3,17-Nov-20,538.65,545,558.25,530,555,555.3,544.56,10800,5881290,18
HDFC,EQ,18-Nov-20,2349,2336.7,2369.4,2320.3,2360,2364.9,2348.24,4344487,10201897712,151565
HDFC,W3,18-Nov-20,555.3,540.05,570,540.05,570,570,558.53,16200,9048180,24
HDFC,EQ,19-Nov-20,2364.9,2336,2351.9,2311,2327.5,2324.6,2327.23,6936896,16143740175,160110
HDFC,W3,19-Nov-20,570,541.05,555,541.05,548.5,548.1,549.43,15000,8241420,25
HDFC,EQ,20-Nov-20,2324.6,2330,2386.55,2326.55,2329,2334.8,2349.94,5321688,12505673533,159247
HDFC,W3,20-Nov-20,548.1,540,575,540,559.45,552.7,559.78,9600,5373900,15
HDFC,EQ,23-Nov-20,2334.8,2344.2,2347.85,2230.1,2253.05,2250.8,2266.43,6995598,15855018351,218301
HDFC,W3,23-Nov-20,552.7,540.05,540.05,498.5,504,505.8,510.17,63000,32140470,102
HDFC,EQ,24-Nov-20,2250.8,2272.25,2272.25,2209.55,2220,2217.7,2232.36,4945274,11039617437,205979
HDFC,W3,24-Nov-20,505.8,509.4,518.8,500,500.15,501.1,508.45,21600,10982580,34
HDFC,EQ,25-Nov-20,2217.7,2228,2252.15,2179.3,2186.8,2191.35,2210.08,6150483,13593069077,217608
HDFC,W3,25-Nov-20,501.1,502,529,497.15,525,518.75,513.69,48600,24965160,74
HDFC,EQ,26-Nov-20,2191.35,2197.15,2245,2187.65,2242.7,2238.4,2215.19,5026304,11134205386,208269
HDFC,W3,26-Nov-20,518.75,525.9,525.9,515.1,525,525,522.41,13200,6895860,18
HDFC,EQ,27-Nov-20,2238.4,2240,2272.45,2202.2,2238,2256.25,2239.94,10179511,22801506316,213049
HDFC,W3,27-Nov-20,525,525,545,521,535,542.1,528.67,21600,11419230,31
HDFC,EQ,01-Dec-20,2256.25,2237,2324,2217.65,2296.2,2306.95,2283.03,7031670,16053479119,236556
HDFC,W3,01-Dec-20,542.1,550,578,541.05,572,575.3,565.82,27600,15616710,41
HDFC,EQ,02-Dec-20,2306.95,2300,2304,2252.5,2274,2276.35,2276.62,3191550,7265961073,148812
HDFC,W3,02-Dec-20,575.3,571,571,549,549,549,552.14,30000,16564290,39
HDFC,EQ,03-Dec-20,2276.35,2287,2289.45,2235,2252.75,2253.95,2257.07,4528707,10221611674,157122
HDFC,W3,03-Dec-20,549,559,559,539,542.55,542.7,542,13800,7479660,23
HDFC,EQ,04-Dec-20,2253.95,2253.95,2284.9,2231.6,2247.2,2245.9,2253.16,3245440,7312486078,127080
HDFC,W3,04-Dec-20,542.7,550,560,540,543,545.35,548.29,15600,8553390,22
HDFC,EQ,07-Dec-20,2245.9,2240,2309.7,2221.2,2303,2303.8,2281.8,4910736,11205315398,191036
HDFC,W3,07-Dec-20,545.35,550,577.9,550,575,571.8,567.63,33000,18731640,46
HDFC,EQ,08-Dec-20,2303.8,2315,2340,2292.05,2309,2309.75,2315.55,5262959,12186668785,162017
HDFC,W3,08-Dec-20,571.8,588,588,562.55,569,569.5,570.97,18600,10620090,24
HDFC,EQ,09-Dec-20,2309.75,2318,2334.65,2280.6,2306,2306.7,2308.51,3302661,7624232030,114133
HDFC,W3,09-Dec-20,569.5,576,576,530.55,549.6,547.3,548.72,93000,51030900,134
HDFC,EQ,10-Dec-20,2306.7,2300,2303,2267,2289.8,2289.1,2282.42,2545081,5808940361,100245
HDFC,W3,10-Dec-20,547.3,537.2,550,535,550,543.85,542.99,46200,25086030,52
HDFC,EQ,11-Dec-20,2289.1,2307,2317.7,2272,2297,2295.9,2295.63,4577813,10508944241,143063
HDFC,W3,11-Dec-20,543.85,550,550,539,542.7,542.9,547.6,25200,13799640,41
HDFC,EQ,14-Dec-20,2295.9,2306.7,2315.65,2270.55,2300.55,2302.65,2292.85,3160235,7245930583,130954
HDFC,W3,14-Dec-20,542.9,549.95,554,540,548,547.2,544.63,9000,4901700,14
HDFC,EQ,15-Dec-20,2302.65,2290.5,2357.4,2282.7,2350.35,2350.35,2331.88,5056502,11791167409,181471
HDFC,W3,15-Dec-20,547.2,546.5,586,540,582.75,580.9,567.44,21000,11916330,35
HDFC,EQ,16-Dec-20,2350.35,2377.95,2443.4,2365.5,2415,2424.65,2405.35,6532346,15712587606,215995
HDFC,W3,16-Dec-20,580.9,590,628,590,624.05,623.2,612.38,104400,63932340,163
HDFC,EQ,17-Dec-20,2424.65,2434.9,2509,2420.15,2490.1,2494.6,2475.38,7379515,18267067625,216960
HDFC,W3,17-Dec-20,623.2,634,680,634,665,667.7,655.23,85200,55825500,130
HDFC,EQ,18-Dec-20,2494.6,2482,2489,2431,2472.8,2479.4,2459.71,4189517,10305009813,154155
HDFC,W3,18-Dec-20,667.7,644,670,636,666,667,646.22,13800,8917770,22
HDFC,EQ,21-Dec-20,2479.4,2468,2478.95,2370.45,2404.45,2414.8,2442.5,3573982,8729453775,136935
HDFC,W3,21-Dec-20,667,666,675,601,620,612.25,651.62,43800,28540860,72
HDFC,EQ,22-Dec-20,2414.8,2415,2439.9,2360.5,2398.5,2403.65,2397.12,4832004,11582915570,162100
HDFC,W3,22-Dec-20,612.25,608,650,606,648,646.55,630.54,68400,43128600,107
HDFC,EQ,23-Dec-20,2403.65,2398,2419.65,2376.75,2405.9,2403.05,2393.1,2605828,6236006742,102506
HDFC,W3,23-Dec-20,646.55,639,645,633,645,642.5,639.05,13200,8435430,22
HDFC,EQ,24-Dec-20,2403.05,2417,2464.65,2411.05,2451.85,2455.15,2441.15,2723426,6648298919,90401
HDFC,W3,24-Dec-20,642.5,673.9,685,657,662.5,667.85,669.04,14400,9634170,24
HDFC,EQ,28-Dec-20,2455.15,2467,2485,2436.6,2485,2476.45,2460.41,2085391,5130918234,67694
HDFC,W3,28-Dec-20,667.85,695,695,669,677,681,679.12,6000,4074720,9
HDFC,EQ,29-Dec-20,2476.45,2480,2530,2480,2511,2518.95,2513.8,4490464,11288129537,162376
HDFC,W3,29-Dec-20,681,700,730,700,717,716.8,719.16,37800,27184320,47
HDFC,EQ,30-Dec-20,2518.95,2518.95,2525,2483,2521.7,2518.05,2502.78,2902423,7264128977,105288
HDFC,W3,30-Dec-20,716.8,715,715,698,714.95,714.95,707.97,11400,8070870,18
HDFC,EQ,31-Dec-20,2518.05,2518.7,2575,2504.4,2549.95,2558.65,2556.76,4956399,12672322865,147144
HDFC,W3,31-Dec-20,714.95,720,770,720,755,752.6,752.2,37800,28433250,53
HDFC,EQ,01-Jan-21,2558.65,2549,2593.3,2541.15,2565,2568.75,2574.95,2054108,5289219587,77982
HDFC,W3,01-Jan-21,752.6,759,775,747.1,760,757.7,761.87,30600,23313330,50
HDFC,EQ,04-Jan-21,2568.75,2576.9,2592.35,2533.15,2579,2578.5,2568.41,2795972,7181188494,99023
HDFC,W3,04-Jan-21,757.7,760,763.6,740,756.15,758.05,757.37,18600,14087010,29
HDFC,EQ,05-Jan-21,2578.5,2589,2659.45,2572.4,2654.95,2651.85,2631.43,5870743,15448439206,191487
HDFC,W3,05-Jan-21,758.05,761.15,812,761.15,798.5,798.7,798.61,109200,87207870,170
HDFC,EQ,06-Jan-21,2651.85,2664.7,2665,2619,2631,2638.85,2642.51,3401085,8987385763,126726
HDFC,W3,06-Jan-21,798.7,800,815,783,783,789.1,796.66,58800,46843590,98
HDFC,EQ,07-Jan-21,2638.85,2670,2709.35,2647.4,2653.45,2661.35,2680.83,4106042,11007581807,183933
HDFC,W3,07-Jan-21,789.1,817.45,830,813.95,829.5,826.9,821.53,226200,185830080,229
HDFC,EQ,08-Jan-21,2661.35,2668,2674.4,2631,2657.65,2657.5,2646.97,4497042,11903528947,129843
HDFC,W3,08-Jan-21,826.9,824,825,800,820,815.9,807.01,31200,25178760,52
HDFC,EQ,11-Jan-21,2657.5,2680,2762,2666.75,2747.1,2751.2,2719.37,5939812,16152540359,146148
HDFC,W3,11-Jan-21,815.9,830,863,830,850,855.25,844.9,105600,89221740,166
HDFC,EQ,12-Jan-21,2751.2,2738,2760,2719,2750,2747.55,2736.57,3412213,9337751783,143428
HDFC,W3,12-Jan-21,855.25,825.25,850,825.25,850,845.65,841,21600,18165600,36
HDFC,EQ,13-Jan-21,2747.55,2760.45,2777.15,2651.1,2672,2670.9,2697.06,5582165,15055421129,220680
HDFC,W3,13-Jan-21,845.65,854.5,860,780,792,793,809.78,27000,21864000,45
HDFC,EQ,14-Jan-21,2670.9,2670,2699,2647.15,2681.1,2684.05,2671.94,4253567,11365263176,161894
HDFC,W3,14-Jan-21,793,785,800,773,790,794.45,794.05,35400,28109490,59
HDFC,EQ,15-Jan-21,2684.05,2661,2688.45,2615.6,2635,2632.75,2645.58,2582955,6833403182,119439
HDFC,W3,15-Jan-21,794.45,781.25,781.25,750,765,765,763.99,9600,7334340,16
HDFC,EQ,18-Jan-21,2632.75,2645.95,2647.4,2550,2569.4,2566.5,2580.07,5154593,13299213123,194019
HDFC,W3,18-Jan-21,765,747,747,700,717.9,714.5,717.42,60000,43045200,95
HDFC,EQ,19-Jan-21,2566.5,2585,2680.8,2575,2651.05,2656.95,2630.4,3569359,9388838395,137748
HDFC,W3,19-Jan-21,714.5,749,785.95,736,768.9,773.4,769.07,39600,30455310,61
HDFC,EQ,20-Jan-21,2656.95,2666,2711.9,2622.6,2673,2688.15,2665.86,5771114,15384974616,186407
HDFC,W3,20-Jan-21,773.4,753.35,788,750,760,773,764.96,63000,48192390,103
HDFC,EQ,21-Jan-21,2688.15,2687.95,2698,2641.25,2671,2663,2669.14,3200138,8541606461,144444
HDFC,W3,21-Jan-21,773,781.75,795,755.1,770,764.7,772.37,39600,30586020,49
HDFC,EQ,22-Jan-21,2663,2669,2678.75,2583.05,2589.95,2589.45,2623.61,5013872,13154429479,182520
HDFC,W3,22-Jan-21,764.7,740,767.45,717.1,725.45,721.5,728.87,40200,29300490,67
HDFC,EQ,25-Jan-21,2589.45,2630.45,2670,2543,2560,2551.4,2611.45,7761405,20268543191,242397
HDFC,W3,25-Jan-21,721.5,780,784.55,676,698,690.65,719.79,43200,31094970,72
HDFC,EQ,27-Jan-21,2551.4,2546.3,2546.3,2458.25,2470,2467,2494.96,4858346,12121360028,224331
HDFC,W3,27-Jan-21,690.65,661.1,680,645,670.95,668,658.01,94200,61984470,157
HDFC,EQ,28-Jan-21,2467,2430.1,2454,2395.25,2431.5,2425.75,2424.38,5282970,12807903788,206977
HDFC,W3,28-Jan-21,668,622.25,674,622.25,658.5,660.9,657.46,70800,46548210,114
HDFC,EQ,29-Jan-21,2425.75,2450,2460,2364.6,2378,2377.8,2413.14,7347695,17731030596,217055
HDFC,W3,29-Jan-21,660.9,675,690,658.5,662,664.8,670.72,31200,20926590,51
HDFC,EQ,01-Feb-21,2377.8,2402.7,2602.1,2391.85,2580,2579.25,2497.4,7106502,17747779822,313341
HDFC,W3,01-Feb-21,664.8,686,731.25,675.3,731.25,731.25,718.2,113400,81444360,180
HDFC,EQ,02-Feb-21,2579.25,2625,2762.95,2612,2658.7,2659,2702.44,9253486,25006997372,341033
HDFC,W3,02-Feb-21,731.25,780,804.35,750,763.85,762,797.51,163800,130631850,243
HDFC,EQ,03-Feb-21,2659,2695,2734.5,2618,2702.95,2703.55,2687.61,4782433,12853319780,200284
HDFC,W3,03-Feb-21,762,755.05,825,748,802,803.15,798.5,141600,113067660,112
HDFC,EQ,04-Feb-21,2703.55,2740.4,2742,2659,2707,2707.75,2696.8,4108174,11078934149,166227
HDFC,W3,04-Feb-21,803.15,799.9,815,777,809,809,805.63,47400,38186880,68
HDFC,EQ,05-Feb-21,2707.75,2724.5,2767.8,2696.2,2721,2721.5,2730.71,4575345,12493933544,185133
HDFC,W3,05-Feb-21,809,863.8,864.8,828,864,858.9,845.72,82200,69517830,120
HDFC,EQ,08-Feb-21,2721.5,2765,2765,2711.1,2735.1,2733.35,2734.19,3807824,10411332364,164151
HDFC,W3,08-Feb-21,858.9,866,895,861,870,876.5,880.47,61800,54412830,93
HDFC,EQ,09-Feb-21,2733.35,2760,2784,2710.45,2745,2747.05,2746.69,5586584,15344641030,156091
HDFC,W3,09-Feb-21,876.5,885,909.9,870,880,881.2,894.45,114600,102504060,170
HDFC,EQ,10-Feb-21,2747.05,2745.95,2780,2739.2,2777.2,2767.1,2764.2,5602915,15487593018,166441
HDFC,W3,10-Feb-21,881.2,867.65,900,867.65,880,879.85,881.13,73800,65027160,115
HDFC,EQ,11-Feb-21,2767.1,2744.1,2767.6,2737.45,2753.4,2760.6,2752.05,1935639,5326968204,111377
HDFC,W3,11-Feb-21,879.85,865,880,865,880,880,870.48,34800,30292560,57
HDFC,EQ,12-Feb-21,2760.6,2746,2809,2735.6,2789,2791.5,2781.64,2921180,8125663979,116778
HDFC,W3,12-Feb-21,880,875.1,915,870,885.15,894.75,901.7,28200,25427880,47
HDFC,EQ,15-Feb-21,2791.5,2819,2868,2805,2861.55,2860.45,2847.59,2847445,8108348529,119073
HDFC,W3,15-Feb-21,894.75,935,948.9,923.2,933,931.05,932.63,97200,90651510,148
HDFC,EQ,16-Feb-21,2860.45,2871,2896,2838,2853.85,2858.65,2867.92,2295100,6582170859,103353
HDFC,W3,16-Feb-21,931.05,964.95,965,920,930,930,942.22,57000,53706720,80
HDFC,EQ,17-Feb-21,2858.65,2850.25,2856.6,2787.85,2797.55,2805.35,2814.04,2874649,8089368102,105039
HDFC,W3,17-Feb-21,930,900,920,885,885,893.1,901.12,67200,60554970,89
HDFC,EQ,18-Feb-21,2805.35,2800,2806,2730.1,2750,2745.15,2758.03,2937262,8101051922,131354
HDFC,W3,18-Feb-21,893.1,873,875.1,836.9,845,845.2,849.04,36000,30565440,45
HDFC,EQ,19-Feb-21,2745.15,2725,2765,2714.15,2740,2741.3,2740.19,2275146,6234329819,118178
HDFC,W3,19-Feb-21,845.2,829.5,874,816,840.3,841.2,843.59,33000,27838410,55
HDFC,EQ,22-Feb-21,2741.3,2741.3,2741.3,2638.15,2655,2651.95,2674.85,4090709,10942024844,155641
HDFC,W3,22-Feb-21,841.2,824,829,800.1,826,823.15,812.42,99000,80430000,155
HDFC,EQ,23-Feb-21,2651.95,2670.35,2677.9,2621,2629,2628.6,2640.44,3022925,7981842805,134497
HDFC,W3,23-Feb-21,823.15,825,838,810,825,826.2,824.44,43800,36110580,73
HDFC,EQ,24-Feb-21,2628.6,2610.1,2723,2610.1,2709,2707.75,2655.41,2950645,7835183617,102500
HDFC,W3,24-Feb-21,826.2,838.9,883,833.5,875,876,858.42,12000,10301040,20
HDFC,EQ,25-Feb-21,2707.75,2718.5,2739,2677,2687,2684.7,2702.59,4758112,12859239613,144627
HDFC,W3,25-Feb-21,876,875,878,865,865,865.9,872.5,12000,10469970,14
HDFC,EQ,26-Feb-21,2684.7,2631.05,2631.05,2520,2539.9,2539.4,2561.29,8771431,22466145912,288790
HDFC,W3,26-Feb-21,865.9,825,837,800,806.55,806.2,812.24,103800,84310590,168
HDFC,EQ,01-Mar-21,2539.4,2556,2614.6,2548.6,2610,2606,2588.58,3595993,9308531411,134145
HDFC,W3,01-Mar-21,806.2,844,848,826,840,840,839.55,10800,9067140,18
HDFC,EQ,02-Mar-21,2606,2615,2615,2541.4,2575,2564,2567.14,4086134,10489679518,162290
HDFC,W3,02-Mar-21,840,850,850,817,833.6,833.6,827.16,19200,15881550,32
HDFC,EQ,03-Mar-21,2564,2608.9,2664.15,2592.15,2654.85,2654.9,2626.73,5640063,14814933877,133676
HDFC,W3,03-Mar-21,833.6,850,865,845,864,857.15,852.57,28200,24042570,42
HDFC,EQ,04-Mar-21,2654.9,2610,2610,2568,2584.9,2582.95,2584.28,5315682,13737220189,235030
HDFC,W3,04-Mar-21,857.15,802.25,830,802.25,826,826,816.79,36600,29894370,59
HDFC,EQ,05-Mar-21,2582.95,2573.6,2579.9,2523.5,2546.9,2543.9,2551.4,4254126,10853977689,171484
HDFC,W3,05-Mar-21,826,813.8,826,795,810,805.1,809.26,52800,42729090,75
HDFC,EQ,08-Mar-21,2543.9,2555.05,2560,2505.4,2512,2510.25,2525.59,2179821,5505333730,114119
HDFC,W3,08-Mar-21,805.1,811,822.5,797,800,801.65,804.37,27000,21717990,43
HDFC,EQ,09-Mar-21,2510.25,2513.1,2584.4,2513.1,2578,2577.3,2559.34,2877662,7364925571,122151
HDFC,W3,09-Mar-21,801.65,815.05,850,815.05,850,847.7,838.97,27000,22652190,41
HDFC,EQ,10-Mar-21,2577.3,2590.4,2609.4,2580.6,2600,2599.8,2596.55,2569360,6671472758,102150
HDFC,W3,10-Mar-21,847.7,861.85,865,835,840,840,846.74,13800,11685060,22
HDFC,EQ,12-Mar-21,2599.8,2662,2667.95,2556.35,2568,2568,2607.61,3487185,9093216420,135588
HDFC,W3,12-Mar-21,840,874,874,813.5,826.5,824.65,837.35,20400,17081970,34
HDFC,EQ,15-Mar-21,2568,2565,2568,2496.05,2532.9,2535.5,2521.26,2905477,7325465979,143612
HDFC,W3,15-Mar-21,824.65,801.1,830,785,830,828,800.22,76800,61457010,122
HDFC,EQ,16-Mar-21,2535.5,2556.5,2562.65,2503,2517.5,2510.4,2529.62,2446483,6188680433,140833
HDFC,W3,16-Mar-21,828,819,820,810,820,812.5,816.12,15600,12731520,26
HDFC,EQ,17-Mar-21,2510.4,2509.1,2542,2502.75,2510,2515.55,2520.91,3362442,8476407085,109845
HDFC,W3,17-Mar-21,812.5,817.9,819.45,792.25,800,798.3,801.21,34800,27881970,57
HDFC,EQ,18-Mar-21,2515.55,2549,2561.45,2501,2507.8,2514.6,2528.95,3460891,8752416460,147535
HDFC,W3,18-Mar-21,798.3,795,814,770,786,781.45,789.9,57600,45498120,93
HDFC,EQ,19-Mar-21,2514.6,2486,2567,2481.7,2525.4,2531.65,2523.88,5277763,13320434189,122261
HDFC,W3,19-Mar-21,781.45,765,797.95,760,780,782.45,773.85,49200,38073300,77
HDFC,EQ,22-Mar-21,2531.65,2530.1,2547.35,2485,2536.2,2531.85,2516.21,3367784,8474065237,118982
HDFC,W3,22-Mar-21,782.45,780,780,766,774.95,775,773.72,19800,15319650,32
HDFC,EQ,23-Mar-21,2531.85,2531,2541.35,2492.1,2512.3,2509.9,2512.86,3980896,10003415249,170520
HDFC,W3,23-Mar-21,775,783.25,788,750,774,765.3,761.93,123600,94174710,181
HDFC,EQ,24-Mar-21,2509.9,2484.85,2503.5,2446.7,2465,2465.75,2470.25,3165420,7819375117,146395
HDFC,W3,24-Mar-21,765.3,760,771.7,737,756.4,745.6,746.96,42600,31820580,68
HDFC,EQ,25-Mar-21,2465.75,2488,2491.6,2431.1,2478,2470.75,2456.22,4759214,11689682430,196107
HDFC,W3,25-Mar-21,745.6,735.1,790,729.75,789,784,755.22,40800,30812910,67
HDFC,EQ,26-Mar-21,2470.75,2506.75,2548,2491.2,2529,2532.75,2524.28,3272534,8260785946,144477
HDFC,W3,26-Mar-21,784,794,795,769,771.1,781.55,778.4,62400,48572460,90
HDFC,EQ,30-Mar-21,2532.75,2569.3,2617,2555.25,2609.95,2605.65,2592.39,4349089,11274543313,150693
HDFC,W3,30-Mar-21,781.55,807.3,807.3,780,785,789.4,790.51,122400,96758520,190
HDFC,EQ,31-Mar-21,2605.65,2599.6,2599.6,2490,2504.05,2498.1,2514.9,5492619,13813380402,236093
HDFC,W3,31-Mar-21,789.4,774.9,774.9,730,740,744,744.89,156000,116203560,206
HDFC,EQ,01-Apr-21,2498.1,2524,2536.95,2480,2530,2531.45,2513.49,2621437,6588954277,103602
HDFC,W3,01-Apr-21,744,759.9,770,738.5,770,770,750.78,30600,22973910,43
HDFC,EQ,05-Apr-21,2531.45,2530,2531,2413,2448,2445.85,2448.25,3353567,8210377357,211024
HDFC,W3,05-Apr-21,770,746,754.9,722.1,737,740.2,743.4,33600,24978210,55
HDFC,EQ,06-Apr-21,2445.85,2470.3,2486.85,2435.35,2478.15,2472.3,2468.06,2882606,7114455771,128916
HDFC,W3,06-Apr-21,740.2,736,769,736,755,754.05,753.59,48000,36172080,51
HDFC,EQ,07-Apr-21,2472.3,2489,2507.8,2457,2478.8,2482.7,2485.1,3511527,8726504187,134963
HDFC,W3,07-Apr-21,754.05,755.05,788.9,755.05,770,771.2,770.77,26400,20348370,37
HDFC,EQ,08-Apr-21,2482.7,2495,2530.9,2485.75,2502.45,2502.55,2514.01,2510746,6312048417,101341
HDFC,W3,08-Apr-21,771.2,775,791.95,761,761,761.25,776.68,10800,8388180,18
HDFC,EQ,09-Apr-21,2502.55,2522,2556,2492.3,2515.7,2513.9,2517.57,3234017,8141860941,97618
HDFC,W3,09-Apr-21,761.25,760,784.9,753,756.1,760.55,768.92,14400,11072400,24
HDFC,EQ,12-Apr-21,2513.9,2450,2454.45,2405,2426,2419.85,2425.22,3772771,9149810744,216533
HDFC,W3,12-Apr-21,760.55,721.05,735,693,703,701.55,713,53400,38074050,87
HDFC,EQ,13-Apr-21,2419.85,2422.4,2523.1,2412.25,2522,2512.95,2468.59,3832030,9459725070,196531
HDFC,W3,13-Apr-21,701.55,725,765,725,764,764.05,746.6,24600,18366270,41
HDFC,EQ,15-Apr-21,2512.95,2540,2555,2493,2543.95,2547.15,2527.23,4201633,10618500100,147895
HDFC,W3,15-Apr-21,764.05,774,788.5,740.25,772.1,783.45,770.61,18600,14333280,31
HDFC,EQ,16-Apr-21,2547.15,2550,2589.8,2546.85,2569,2574.05,2572.39,3133311,8060093450,126445
HDFC,W3,16-Apr-21,783.45,790,805,785,785,785,796.61,8400,6691530,14
HDFC,EQ,19-Apr-21,2574.05,2474,2510,2452,2501.05,2492.35,2484.26,3550890,8821342904,150346
HDFC,W3,19-Apr-21,785,740,754.5,725,754.5,754.5,737.61,18000,13276890,30
HDFC,EQ,20-Apr-21,2492.35,2542.15,2544,2406.2,2409,2415.9,2454.68,7365765,18080588517,193822
HDFC,W3,20-Apr-21,754.5,750,752.9,730,730,733.35,741.58,15600,11568600,26
HDFC,EQ,22-Apr-21,2415.9,2400,2485,2373,2478.05,2479.7,2437.46,4514740,11004497066,234101
HDFC,W3,22-Apr-21,733.35,742,769,732.1,769,769,752.2,6000,4513200,10
HDFC,EQ,23-Apr-21,2479.7,2455.05,2504.15,2437.5,2491,2497.35,2479.65,3143779,7795464528,133007
HDFC,W3,23-Apr-21,769,762.9,769.8,743.4,764.95,765,762.8,25800,19680150,35
HDFC,EQ,26-Apr-21,2497.35,2500,2534.1,2483.2,2502,2509.8,2508.07,3916088,9821804816,121028
HDFC,W3,26-Apr-21,765,780,780,762.55,767.95,767.95,767.46,20400,15656130,34
HDFC,EQ,27-Apr-21,2509.8,2494.15,2526.8,2486.25,2514,2518.4,2509.18,2040799,5120729690,102250
HDFC,W3,27-Apr-21,767.95,766,773,760,762,763.75,764.29,25800,19718640,42
HDFC,EQ,28-Apr-21,2518.4,2516.1,2609,2508.3,2575,2577,2574.21,3407461,8771527416,117425
HDFC,W3,28-Apr-21,763.75,778,798,770.05,777,778.5,779.54,56400,43966200,89
HDFC,EQ,29-Apr-21,2577,2590.9,2628,2533,2539.7,2538.85,2569.65,3005468,7722995108,132826
HDFC,W3,29-Apr-21,778.5,819.95,819.95,767,767,769.1,789.34,24000,18944220,40
HDFC,EQ,30-Apr-21,2538.85,2503.1,2525,2411.1,2433.25,2420.1,2445.94,6024595,14735807391,224454
HDFC,W3,30-Apr-21,769.1,740,750,726,741,736.1,735.82,59400,43707540,98
HDFC,EQ,03-May-21,2420.1,2365,2432.95,2365,2423.8,2418.5,2401.4,2984938,7168042528,144750
HDFC,W3,03-May-21,736.1,715,745,706.1,745,744.25,724.65,28200,20435040,46
HDFC,EQ,04-May-21,2418.5,2420,2435,2373.6,2377,2377.2,2401.21,3135834,7529786776,161798
HDFC,W3,04-May-21,744.25,726.25,732.5,710,722,721.5,726.22,17400,12636300,29
HDFC,EQ,05-May-21,2377.2,2392,2403,2354,2384.25,2377.6,2376.82,3458463,8220152460,126211
HDFC,W3,05-May-21,721.5,725,727,715.15,725,724.2,723.54,25800,18667350,42
HDFC,EQ,06-May-21,2377.6,2397.3,2435,2382,2428,2430.1,2416.49,2401866,5804094933,97225
HDFC,W3,06-May-21,724.2,730,734.9,725,734,734,728.52,12600,9179340,20
HDFC,EQ,07-May-21,2430.1,2454.7,2507.3,2438.4,2491.35,2496.75,2471.14,4829852,11935242399,183239
HDFC,W3,07-May-21,734,740,760,732.05,754,757.1,748.46,28800,21555600,47
HDFC,EQ,10-May-21,2496.75,2515.1,2563.7,2515.1,2529,2531.35,2541.34,4289915,10902145862,154774
HDFC,W3,10-May-21,757.1,789.8,790.05,766.1,785,786.3,787.3,100800,79359750,161
HDFC,EQ,11-May-21,2531.35,2489.35,2502,2447.6,2460,2464.2,2468.83,3728419,9204828668,279026
HDFC,W3,11-May-21,786.3,745,770,745,770,765.75,759.1,49200,37347720,81
HDFC,EQ,12-May-21,2464.2,2448,2448,2407.5,2441,2438.7,2426.2,3168128,7686518857,210388
HDFC,W3,12-May-21,765.75,746.1,769.95,740.6,769.95,767.8,754.36,34200,25799280,57
HDFC,EQ,14-May-21,2438.7,2438.7,2443.95,2402.1,2422.7,2422,2420.55,2254726,5457669635,105488
HDFC,W3,14-May-21,767.8,757.5,766,742,745,745,751.21,49800,37410420,73
HDFC,EQ,17-May-21,2422,2454,2495,2435.5,2490,2486.45,2462.78,4452603,10965779087,181610
HDFC,W3,17-May-21,745,756.1,761,745,750,745.9,750.2,60600,45462000,93
HDFC,EQ,18-May-21,2486.45,2508,2527,2486.95,2499.95,2502.85,2504.55,2844233,7123526607,141868
HDFC,W3,18-May-21,745.9,778,778,760,765,765,765.7,40200,30781140,58
HDFC,EQ,19-May-21,2502.85,2498,2517,2453.75,2461.15,2459.85,2481.22,2031903,5041593870,106073
HDFC,W3,19-May-21,765,765.25,773,746,746,746,761.39,16200,12334590,27
HDFC,EQ,20-May-21,2459.85,2467,2488,2440.1,2448.4,2445,2462.3,2551577,6282745613,124959
HDFC,W3,20-May-21,746,746.05,754.75,743,747,747,748.95,14400,10784910,24
HDFC,EQ,21-May-21,2445,2472,2525.95,2457.15,2522.45,2518.05,2499.81,2711607,6778506596,145698
HDFC,W3,21-May-21,747,757,767.05,752,767.05,765.3,761.39,28800,21928080,47
HDFC,EQ,24-May-21,2518.05,2515,2558.8,2515,2531.7,2540.9,2545.15,2655396,6758373621,132449
HDFC,W3,24-May-21,765.3,774,788,766.55,780,783.3,778.14,24000,18675270,36
HDFC,EQ,25-May-21,2540.9,2562,2570.4,2523.5,2530,2530.5,2547.7,2641950,6730908331,120573
HDFC,W3,25-May-21,783.3,785.1,785.1,775,775,775,781.1,15000,11716440,23
HDFC,EQ,26-May-21,2530.5,2547,2575,2530.5,2574,2567.55,2554.28,1839397,4698340429,81682
HDFC,W3,26-May-21,775,777.85,789.95,777.85,785,784.65,785.07,11400,8949780,19
HDFC,EQ,27-May-21,2567.55,2580.35,2580.35,2488.05,2494.95,2508.85,2515.84,14119786,35523087530,201009
HDFC,W3,27-May-21,784.65,789.5,789.5,751.55,768,768.4,768.76,24600,18911550,41
HDFC,EQ,28-May-21,2508.85,2514.65,2549.85,2511,2543,2541.35,2536.15,2548032,6462179167,102349
HDFC,W3,28-May-21,768.4,780,784.75,770.15,776,776,778.18,6600,5136000,11
HDFC,EQ,31-May-21,2541.35,2527.55,2564.8,2502,2551,2552.85,2534.92,3221015,8165024990,115609
HDFC,W3,31-May-21,776,780,809.95,765.1,802,802,785.05,24600,19312230,40
HDFC,EQ,01-Jun-21,2552.85,2567,2610,2560.5,2580,2580.75,2586.75,3900226,10088926870,141862
HDFC,W3,01-Jun-21,802,822,827.9,800.1,813,810.65,816.39,25200,20573010,41
HDFC,EQ,02-Jun-21,2580.75,2570.75,2581.85,2531.1,2562.3,2562.15,2550.73,3551619,9059209246,124827
HDFC,W3,02-Jun-21,810.65,798.9,799.9,785.05,798.7,798.7,790.25,8400,6638130,14
HDFC,EQ,03-Jun-21,2562.15,2568,2603,2556.45,2578.3,2584,2578.13,3636647,9375744679,134160
HDFC,W3,03-Jun-21,798.7,818,826.45,800.05,810,807.7,814.04,15600,12699090,26
HDFC,EQ,04-Jun-21,2584,2588,2626,2584.05,2613,2619.05,2610.54,3593742,9381596632,134503
HDFC,W3,04-Jun-21,807.7,818,830,815,819,819.35,819.74,57000,46725090,90
HDFC,EQ,07-Jun-21,2619.05,2635,2635.4,2582,2586.8,2585.75,2592.95,2222082,5761739655,116810
HDFC,W3,07-Jun-21,819.35,801,805,800.1,800.1,800.1,802.58,5400,4333950,9
HDFC,EQ,08-Jun-21,2585.75,2586,2589.9,2550,2555,2554.5,2560.11,3046814,7800169051,163163
HDFC,W3,08-Jun-21,800.1,790.1,790.1,782.05,782.05,782.05,786.16,10200,8018820,17
HDFC,EQ,09-Jun-21,2554.5,2558,2579.25,2539.75,2546.05,2544.75,2557.86,2784864,7123291944,123342
HDFC,W3,09-Jun-21,782.05,794.95,797,780.05,780.05,780.1,786.1,9000,7074930,15
HDFC,EQ,10-Jun-21,2544.75,2554.75,2567.85,2535,2560.05,2561.9,2555.62,2116122,5408007139,78439
HDFC,W3,10-Jun-21,780.1,775,778,762,770.05,770.55,769.42,29400,22620930,48
HDFC,EQ,11-Jun-21,2561.9,2575,2594.3,2555,2560.25,2559.8,2573.12,2340867,6023333065,87518
HDFC,W3,11-Jun-21,770.55,787,792,777.05,777.05,777.05,784.91,8400,6593220,14
HDFC,EQ,14-Jun-21,2559.8,2559.8,2559.8,2512.65,2540.2,2539.2,2529.6,2125197,5375890246,77870
HDFC,W3,14-Jun-21,777.05,765,769.95,751.15,765,765,758.23,34800,26386530,57
HDFC,EQ,15-Jun-21,2539.2,2559.8,2559.8,2535.2,2543,2545.1,2545.46,1589974,4047209589,76925
HDFC,W3,15-Jun-21,765,776.75,776.75,762,765,765,765.82,7200,5513910,12
HDFC,EQ,16-Jun-21,2545.1,2535,2545,2515.7,2522.05,2521.45,2525.95,2290999,5786943796,80726
HDFC,W3,16-Jun-21,765,763,767.95,741,749,743.9,749.67,30000,22490160,44
HDFC,EQ,17-Jun-21,2521.45,2482.2,2506.95,2482.2,2487.75,2487.3,2492.37,2657850,6624333540,133470
HDFC,W3,17-Jun-21,743.9,735.9,742.9,710,718,716.55,723.5,45600,32991510,70
HDFC,EQ,18-Jun-21,2487.3,2511,2511,2453.05,2496,2488.1,2480.19,3082747,7645806220,142128
HDFC,W3,18-Jun-21,716.55,717.25,734.95,701,734.95,729.35,711.91,35400,25201470,59
HDFC,EQ,21-Jun-21,2488.1,2459,2524.2,2451,2517.5,2516.4,2494.17,1891651,4718095840,86379
HDFC,W3,21-Jun-21,729.35,720,746,720,739.95,742.65,730.07,12000,8760780,19
HDFC,EQ,22-Jun-21,2516.4,2546.8,2546.8,2514.7,2522.95,2522.9,2533.52,2604542,6598651626,103601
HDFC,W3,22-Jun-21,742.65,749,755.9,719.9,726,723.1,734.08,67800,49770840,110
HDFC,EQ,23-Jun-21,2522.9,2537,2537,2493,2498.8,2497.2,2507.36,2179551,5464912314,80552
HDFC,W3,23-Jun-21,723.1,749.8,749.8,700,714.7,711.55,713.07,105000,74872110,168
HDFC,EQ,24-Jun-21,2497.2,2514.9,2515,2485,2490.05,2487.4,2497.18,3257706,8135078686,102299
HDFC,W3,24-Jun-21,711.55,719,719,703.1,712,708.95,710.29,24000,17046840,40
HDFC,EQ,25-Jun-21,2487.4,2511,2515,2482,2506.65,2509.2,2497.76,1871813,4675348230,98859
HDFC,W3,25-Jun-21,708.95,722,737.8,706.05,732.3,735.05,723.05,16800,12147300,28
HDFC,EQ,28-Jun-21,2509.2,2515,2523.1,2491.2,2495,2494.95,2502.05,2140346,5355256643,100314
HDFC,W3,28-Jun-21,735.05,729.9,745,718,718,721.2,731.22,15600,11406960,26
HDFC,EQ,29-Jun-21,2494.95,2510,2510,2476.9,2500,2501.2,2494.31,2671608,6663807351,129762
HDFC,W3,29-Jun-21,721.2,737,737,710,728,728,722.24,48000,34667610,80
HDFC,EQ,30-Jun-21,2501.2,2503.15,2515,2472.2,2477.7,2475.25,2489.49,2798047,6965719410,124568
HDFC,W3,30-Jun-21,728,735,735,710.1,710.1,711.35,722.97,7800,5639160,13
HDFC,EQ,01-Jul-21,2475.25,2480,2491.35,2456,2464,2459.4,2466.84,2189447,5401021708,94623
HDFC,W3,01-Jul-21,711.35,710,712,702,702.65,705,706.23,42000,29661510,67
HDFC,EQ,02-Jul-21,2459.4,2463,2480,2445,2477,2475.7,2459.09,1951251,4798295050,82471
HDFC,W3,02-Jul-21,705,703.4,708.9,695.1,701.3,702.8,700.79,90000,63071430,143
HDFC,EQ,05-Jul-21,2475.7,2489.3,2496.8,2471.2,2496.7,2494.9,2486.08,1234739,3069659783,73485
HDFC,W3,05-Jul-21,702.8,705,705,695,699,699.25,701.37,49800,34928460,69
HDFC,EQ,06-Jul-21,2494.9,2492.6,2518.9,2490.2,2491.9,2496.4,2504.06,1428812,3577834566,100792
HDFC,W3,06-Jul-21,699.25,701,715,700,702,703.15,705.03,36600,25804110,58
HDFC,EQ,07-Jul-21,2496.4,2503.85,2545.8,2495.2,2532,2529.2,2524.52,2542003,6417343090,115521
HDFC,W3,07-Jul-21,703.15,709,730.05,706,720,720.9,717.85,38400,27565500,54
HDFC,EQ,08-Jul-21,2529.2,2535,2543.85,2508,2514,2512.05,2527.45,2683729,6783000003,97079
HDFC,W3,08-Jul-21,720.9,715,720,698,700,700.35,710.13,34800,24712440,55
HDFC,EQ,09-Jul-21,2512.05,2504.1,2509,2484.85,2499.65,2496.45,2495.92,1348273,3365183704,83362
HDFC,W3,09-Jul-21,700.35,695,712,693,693,696.8,700.31,15600,10924770,24
HDFC,EQ,12-Jul-21,2496.45,2503,2511,2452.2,2482.3,2476.95,2459.89,6818026,16771588574,93221
HDFC,W3,12-Jul-21,696.8,700,704.8,683.25,698.9,693.9,692.54,28200,19529580,46
HDFC,EQ,13-Jul-21,2476.95,2496,2549.95,2487.75,2542.1,2544.9,2529.71,3716936,9402765045,120447
HDFC,W3,13-Jul-21,693.9,709,730.05,704.1,728,729,719.26,36600,26325030,59
HDFC,EQ,14-Jul-21,2544.9,2544,2544.9,2516,2529.5,2531.1,2532.06,2725020,6899920707,108626
HDFC,W3,14-Jul-21,729,720,744,720,735,740.05,732.67,53400,39124500,86
HDFC,EQ,15-Jul-21,2531.1,2539,2555,2516,2540.9,2540.1,2537.56,3272479,8304115004,97346
HDFC,W3,15-Jul-21,740.05,725.2,751.9,725.2,735,732.65,740.61,42000,31105410,58
HDFC,EQ,16-Jul-21,2540.1,2548,2558,2531.5,2538,2536.9,2542.11,1568532,3987381360,88501
HDFC,W3,16-Jul-21,732.65,745,745.05,727,728,727.65,734.3,7200,5286960,12
HDFC,EQ,19-Jul-21,2536.9,2488,2497.7,2470.9,2482.5,2481.65,2483.38,2262325,5618202370,94500
HDFC,W3,19-Jul-21,727.65,700.05,708.9,695.25,698,698,700.9,55800,39110010,89
HDFC,BL,20-Jul-21,1814.2,2481.65,2481.65,2481.65,2481.65,2481.65,2481.65,172808,428848973.2,1
HDFC,EQ,20-Jul-21,2481.65,2470,2480.5,2450,2459,2458.75,2462.42,1731830,4264498995,112197
HDFC,W3,20-Jul-21,698,691.15,697,690,692,690.4,692.72,26400,18287820,44
HDFC,EQ,22-Jul-21,2458.75,2470.1,2493.05,2465.5,2487.55,2490.3,2482.11,1792789,4449905095,76941
HDFC,W3,22-Jul-21,690.4,705.5,709.7,691,696,695.4,697.93,28800,20100330,44
HDFC,EQ,23-Jul-21,2490.3,2497.8,2501.6,2470,2485.8,2482.5,2484.68,1275979,3170396149,65290
HDFC,W3,23-Jul-21,695.4,692,700,688,696.95,696.95,691.82,16800,11622630,28
HDFC,EQ,26-Jul-21,2482.5,2485,2485,2460,2467.8,2464.3,2467.43,1462225,3607935367,114366
HDFC,W3,26-Jul-21,696.95,690,690,684.95,685,684.95,687.61,15000,10314150,20
HDFC,BL,27-Jul-21,2481.65,2464.3,2464.3,2464.3,2464.3,2464.3,2464.3,165944,408935799.2,1
HDFC,EQ,27-Jul-21,2464.3,2470.9,2474,2430,2431.2,2433.95,2444.25,2680260,6551232149,137424
HDFC,W3,27-Jul-21,684.95,685,689,675.1,675.1,675.9,684.1,34200,23396190,38
HDFC,EQ,28-Jul-21,2433.95,2417.1,2432.45,2380,2428,2425.8,2406.54,3988878,9599398985,153676
HDFC,W3,28-Jul-21,675.9,655.1,673.8,652,667.45,665.15,660.86,41400,27359460,64
HDFC,EQ,29-Jul-21,2425.8,2424,2433.65,2405.1,2420,2414.8,2418.41,3288676,7953361694,106210
HDFC,W3,29-Jul-21,665.15,666.95,685,662,680,680,679.05,31800,21593760,51
HDFC,EQ,30-Jul-21,2414.8,2417.95,2464.7,2414.8,2442.55,2441.15,2440.76,4128459,10076573660,168648
HDFC,W3,30-Jul-21,680,686,690,676.3,678,680,685.14,14400,9865950,24
HDFC,EQ,02-Aug-21,2441.15,2466,2487,2425.1,2462.55,2462.05,2457.99,5009133,12312390322,204456
HDFC,W3,02-Aug-21,680,690,705.05,670.2,680,681.5,687.8,52200,35903160,83
HDFC,EQ,03-Aug-21,2462.05,2515,2560,2476,2555,2554.65,2523.01,5962929,15044530763,183776
HDFC,W3,03-Aug-21,681.5,695,748.7,690,741.2,744.05,731.5,196800,143958660,259
HDFC,EQ,04-Aug-21,2554.65,2573.3,2681,2565,2672,2676.05,2647.55,9604932,25429515948,284090
HDFC,W3,04-Aug-21,744.05,781.8,815,745.5,807,808.85,800.01,148200,118560840,237
HDFC,EQ,05-Aug-21,2676.05,2680,2685,2644.3,2662.55,2661.7,2664.01,4021021,10712052309,141019
HDFC,W3,05-Aug-21,808.85,803,810,799.95,805,803.95,805.6,16800,13534020,28
HDFC,EQ,06-Aug-21,2661.7,2657,2673,2621.4,2630.6,2628.1,2646.31,2139764,5662476194,104469
HDFC,W3,06-Aug-21,803.95,795,801.95,781,782,781.65,790.25,7200,5689770,12
HDFC,EQ,09-Aug-21,2628.1,2632.05,2646.25,2599.9,2621.5,2623.9,2623.39,1751767,4595573079,69097
HDFC,W3,09-Aug-21,781.65,782,783,757.5,772.05,772.45,769.04,27000,20764200,42
HDFC,EQ,10-Aug-21,2623.9,2634.7,2678.7,2626.85,2671,2671.65,2663.22,4690741,12492467525,163969
HDFC,W3,10-Aug-21,772.45,775,805,775,790.1,792.55,792.02,39000,30888600,62
HDFC,EQ,11-Aug-21,2671.65,2675,2689.5,2633.75,2654.6,2658.5,2659.1,1769627,4705618793,89258
HDFC,W3,11-Aug-21,792.55,797.95,810,762,770,770,770.92,49200,37929330,78
HDFC,EQ,12-Aug-21,2658.5,2656.6,2675.25,2646.6,2666,2668.75,2662.35,1702479,4532596292,61672
HDFC,W3,12-Aug-21,770,784.7,784.7,770,777,777.8,776.23,8400,6520350,14
HDFC,EQ,13-Aug-21,2668.75,2662,2715,2662,2702.1,2704.15,2701.06,3248615,8774705018,119082
HDFC,W3,13-Aug-21,777.8,790,811,790,804,804,800.07,36600,29282610,51
HDFC,EQ,16-Aug-21,2704.15,2696.8,2734.45,2693.8,2732.7,2731.15,2721.13,2465887,6709996707,106602
HDFC,W3,16-Aug-21,804,816.95,817.5,807,810,811.4,812.83,37800,30724800,55
HDFC,EQ,17-Aug-21,2731.15,2729.95,2750,2707.15,2745.6,2738.4,2726.15,2795510,7620988084,134271
HDFC,W3,17-Aug-21,811.4,807,819,801,819,812.35,809.61,48600,39347010,79
HDFC,EQ,18-Aug-21,2738.4,2750,2770.3,2698,2710,2710.75,2730.04,2501410,6828940470,98075
HDFC,W3,18-Aug-21,812.35,824,825,800,802,802,816.71,46200,37731780,77
HDFC,EQ,20-Aug-21,2710.75,2700,2738.95,2698,2712,2722.05,2720.55,3986473,10845398497,148438
HDFC,W3,20-Aug-21,802,790,810,790,795,795,801.16,8400,6729780,14
HDFC,EQ,23-Aug-21,2722.05,2745.5,2758.5,2710,2722,2721.95,2725.6,1901700,5183281802,85099
HDFC,W3,23-Aug-21,795,812,812,781.1,785,786.2,788.84,33000,26031840,52
HDFC,EQ,24-Aug-21,2721.95,2726,2729.9,2683.95,2694,2691.25,2694.84,2984595,8043012751,109438
HDFC,W3,24-Aug-21,786.2,771,776,767.1,775,774.5,771.92,16200,12505050,27
HDFC,EQ,25-Aug-21,2691.25,2707.8,2718.5,2696.25,2701,2699.25,2707.03,1714777,4641944905,76558
HDFC,W3,25-Aug-21,774.5,790,790,790,790,790,790,600,474000,1
HDFC,EQ,26-Aug-21,2699.25,2711.25,2720,2682.2,2702.95,2700.35,2702.16,1855274,5013249312,60397
HDFC,W3,26-Aug-21,790,790,790,780,780,780,783.25,2400,1879800,4
HDFC,EQ,27-Aug-21,2700.35,2694.1,2724.65,2662.05,2716.1,2718.2,2694.57,2761023,7439778308,131023
HDFC,W3,27-Aug-21,780,755,787,755,786.85,785.4,773.52,10200,7889880,17
HDFC,EQ,30-Aug-21,2718.2,2730.45,2764.9,2723.1,2758,2755.7,2745.04,1731926,4754203941,77957
HDFC,W3,30-Aug-21,785.4,798.9,815,798.9,815,811.8,810.24,38400,31113360,63
HDFC,EQ,31-Aug-21,2755.7,2748,2812,2739.35,2794.7,2798.5,2789.41,4933523,13761630800,123236
HDFC,W3,31-Aug-21,811.8,817,840,817,840,837.65,830.6,42000,34884990,68
HDFC,EQ,01-Sep-21,2798.5,2790,2796.95,2736.6,2746.2,2747.75,2759.52,3084291,8511167124,149131
HDFC,W3,01-Sep-21,837.65,820.5,827.8,810,815,815,817.66,16200,13246110,27
HDFC,EQ,02-Sep-21,2747.75,2756.9,2785,2737.25,2774.8,2777.7,2763.39,1734037,4791826197,88029
HDFC,W3,02-Sep-21,815,824.65,838,815,826,826,824.36,32400,26709420,50
HDFC,EQ,03-Sep-21,2777.7,2768.1,2784.15,2742.1,2755.5,2758.6,2759.78,1914438,5283434526,102751
HDFC,W3,03-Sep-21,826,838,838,816,830,830.95,827.86,9600,7947480,16
HDFC,EQ,06-Sep-21,2758.6,2765,2777.7,2741.2,2767,2765.3,2761.83,1729080,4775427924,86318
HDFC,W3,06-Sep-21,830.95,818,830.1,818,827,827,824.88,18600,15342720,31
HDFC,EQ,07-Sep-21,2765.3,2769.8,2853.65,2749.95,2833.2,2837,2815.53,4072518,11466298343,141669
HDFC,W3,07-Sep-21,827,830.9,896.5,820,880,879.3,868.11,52800,45836310,87
HDFC,EQ,08-Sep-21,2837,2838.25,2852,2802.25,2835.1,2829.3,2826.9,2274494,6429755969,122209
HDFC,W3,08-Sep-21,879.3,875.15,887,861,887,880.95,869.94,11400,9917370,19
HDFC,EQ,09-Sep-21,2829.3,2815.2,2853.85,2813.8,2826.55,2830.1,2830.98,1986913,5624903935,102303
HDFC,W3,09-Sep-21,880.95,875,889,864.1,868.5,869.25,873.67,7200,6290400,12
HDFC,EQ,13-Sep-21,2830.1,2844,2875.85,2833.3,2846.05,2849.8,2854.53,3283960,9374158866,105113
HDFC,W3,13-Sep-21,869.25,885,904,875,875,878.25,882.67,42600,37601640,69
HDFC,EQ,14-Sep-21,2849.8,2864.95,2869,2810,2820.2,2818.05,2829.56,2238463,6333869738,79187
HDFC,W3,14-Sep-21,878.25,871.1,871.1,856,856,856,865.9,7800,6754020,13
HDFC,EQ,15-Sep-21,2818.05,2805.7,2843,2795,2817.05,2815.45,2817.39,1924840,5423022711,81827
HDFC,W3,15-Sep-21,856,856.05,870,851,856,856,857.01,18600,15940410,30
HDFC,EQ,16-Sep-21,2815.45,2800,2823.9,2798.5,2819.8,2812.35,2813.19,1831201,5151522833,74423
HDFC,W3,16-Sep-21,856,851,859,843,854,852.5,852.68,7200,6139290,12
HDFC,EQ,17-Sep-21,2812.35,2832.25,2851.95,2801.7,2823.9,2825.65,2827.14,4447386,12573392070,115382
HDFC,W3,17-Sep-21,852.5,869.95,889.8,855,872,870.05,870.6,15600,13581330,26
HDFC,EQ,20-Sep-21,2825.65,2795.3,2808.65,2733,2742,2742.5,2768.02,2057743,5695872943,96538
HDFC,W3,20-Sep-21,870.05,841,841,801.5,805,807.4,818.93,30000,24567750,50
HDFC,EQ,21-Sep-21,2742.5,2760,2780.7,2724.75,2773.2,2774.35,2752.91,2119275,5834171388,100753
HDFC,W3,21-Sep-21,807.4,818,835,800,822,831.35,825.43,13800,11390880,23
HDFC,EQ,22-Sep-21,2774.35,2765,2773.95,2717.7,2737,2734.7,2737.58,3054547,8362061151,119928
HDFC,W3,22-Sep-21,831.35,815,815,797,800,801.35,801.37,71400,57218010,46
HDFC,EQ,23-Sep-21,2734.7,2756.1,2828.5,2730,2825.15,2817.4,2774.89,3720965,10325269211,135360
HDFC,W3,23-Sep-21,801.35,812,870,810.95,870,864.05,850.94,81000,68926320,72
HDFC,EQ,24-Sep-21,2817.4,2818.6,2850,2800,2829.95,2839,2826.46,2433032,6876856565,115209
HDFC,W3,24-Sep-21,864.05,868,889.95,860,869,883.7,877.62,139200,122165250,102
HDFC,EQ,27-Sep-21,2839,2845.75,2869.4,2824.8,2835,2839.8,2848.6,2684448,7646929876,116914
HDFC,W3,27-Sep-21,883.7,893.9,911.9,893.9,900,900,901.14,28800,25952790,47
HDFC,EQ,28-Sep-21,2839.8,2842,2850,2760.95,2802,2804.95,2811.05,2645677,7437131096,145453
HDFC,W3,28-Sep-21,900,899.65,899.65,840,880,882.05,864.04,51000,44065890,77
HDFC,EQ,29-Sep-21,2804.95,2786.5,2792.95,2739.1,2747.35,2746.45,2761.29,3333322,9204268169,146771
HDFC,W3,29-Sep-21,882.05,850,865,826,847,841.4,842.17,48000,40424190,78
HDFC,EQ,30-Sep-21,2746.45,2729.9,2785,2721.2,2744.2,2754.3,2758.59,4186802,11549652775,169948
HDFC,W3,30-Sep-21,841.4,840,850,832.05,832.05,832.05,841.41,6600,5553300,11
HDFC,EQ,01-Oct-21,2754.3,2738.6,2752,2693.6,2710,2711.65,2712.62,2462648,6680224604,124536
HDFC,W3,01-Oct-21,832.05,825,826,796,807,807,808.7,40200,32509710,40
HDFC,BL,04-Oct-21,2464.3,2711.65,2711.65,2711.65,2711.65,2711.65,2711.65,1626963,4411754219,1
HDFC,EQ,04-Oct-21,2711.65,2740.15,2770,2720.6,2725,2725.2,2740.23,2170643,5948053491,95964
HDFC,W3,04-Oct-21,807,825,840.05,823.2,824,827.3,829.77,97800,81151440,45
HDFC,EQ,05-Oct-21,2725.2,2720,2754.95,2715.45,2744.25,2741.45,2739.7,2125952,5824477719,114611
HDFC,W3,05-Oct-21,827.3,815.1,830,815.1,822.5,822.4,822.5,60600,49843620,22
HDFC,EQ,06-Oct-21,2741.45,2729,2795,2717,2748.95,2750.95,2759.33,3585605,9893855799,124866
HDFC,W3,06-Oct-21,822.4,839.95,849,811.65,824.85,820.35,831.36,22200,18456240,37
HDFC,EQ,07-Oct-21,2750.95,2770.7,2774.95,2722.6,2731,2727,2743.42,2247842,6166765813,116486
HDFC,W3,07-Oct-21,820.35,821.2,828.95,815,821.9,817.65,821.35,6600,5420910,11
HDFC,EQ,08-Oct-21,2727,2731,2745.6,2716,2726,2720.65,2729.7,1719442,4693554852,96775
HDFC,W3,08-Oct-21,817.65,815.1,825,811,817.9,817.9,819.63,9600,7868490,15
HDFC,EQ,11-Oct-21,2720.65,2739,2769,2726.8,2748.35,2749.25,2749.75,1773236,4875955872,96478
HDFC,W3,11-Oct-21,817.9,818,839,818,825,827.45,834.49,23400,19526970,39
HDFC,EQ,12-Oct-21,2749.25,2749.7,2767,2735,2754.35,2755.1,2752.62,1405800,3869637725,93240
HDFC,W3,12-Oct-21,827.45,829.15,840.05,818,840.05,837.45,829.77,10800,8961540,18
HDFC,EQ,13-Oct-21,2755.1,2775,2775,2748.2,2764,2765.6,2764.08,1513606,4183727790,94639
HDFC,W3,13-Oct-21,837.45,835.1,845,831,844,844,838.89,5400,4530000,9
HDFC,EQ,14-Oct-21,2765.6,2758.3,2815.55,2751.85,2811,2808.75,2788.92,2737670,7635132472,91462
HDFC,W3,14-Oct-21,844,855,885,850,875,878.3,866.57,17400,15078240,29
HDFC,EQ,18-Oct-21,2808.75,2848,2848,2788.05,2805.45,2811.5,2815.59,2609969,7348608399,115966
HDFC,W3,18-Oct-21,878.3,895,896,853.5,886.95,882.3,882.06,18000,15877080,30
HDFC,EQ,19-Oct-21,2811.5,2825,2827.95,2800,2821,2822.9,2818.03,1994376,5620209609,116753
HDFC,W3,19-Oct-21,882.3,873,899,873,894,894,889.49,9600,8539110,16
HDFC,EQ,20-Oct-21,2822.9,2833,2839.85,2773.4,2795,2795.1,2800.78,2106814,5900721420,98834
HDFC,W3,20-Oct-21,894,887,892.05,860,860.25,863.55,872.02,25800,22498080,40
HDFC,EQ,21-Oct-21,2795.1,2814,2857.4,2797.85,2850,2844.1,2828.8,3747385,10600618097,113568
HDFC,W3,21-Oct-21,863.55,880,892,865.1,880,881.85,879.98,76800,67582530,126
HDFC,EQ,22-Oct-21,2844.1,2858.8,2938.35,2856,2907,2903.95,2907.43,4364342,12689013565,216118
HDFC,W3,22-Oct-21,881.85,920,938.7,900,921,917.15,927.68,80400,74585310,133
HDFC,EQ,25-Oct-21,2903.95,2905,2919,2856.25,2900,2896.15,2890.77,3463553,10012339655,167820
HDFC,W3,25-Oct-21,917.15,913,914,880,880,882.1,886.12,135600,120158430,194
HDFC,EQ,26-Oct-21,2896.15,2908,2934,2896,2920.75,2911.65,2914.1,2430141,7081674412,107553
HDFC,W3,26-Oct-21,882.1,899.95,920,895,905,904.55,906.42,23400,21210300,39
HDFC,EQ,27-Oct-21,2911.65,2920.05,2948,2901.4,2905,2915,2927.16,3136213,9180191682,117977
HDFC,W3,27-Oct-21,904.55,909.55,930.4,903.1,905,905.45,921.04,63600,58577910,99
HDFC,EQ,28-Oct-21,2915,2891,2924.3,2863.15,2891.1,2900.8,2893.19,3302920,9555987109,120241
HDFC,W3,28-Oct-21,905.45,875.55,911.55,875,889.95,886.5,895.52,64200,57492510,94
HDFC,EQ,29-Oct-21,2900.8,2891,2893,2791.2,2841.5,2844.7,2844.74,3830779,10897583766,162268
HDFC,W3,29-Oct-21,886.5,845.1,870,820.55,850,850,850.59,24600,20924430,39
HDFC,EQ,01-Nov-21,2844.7,2873,2947.9,2838.05,2890,2887.95,2880.47,4951039,14261320071,254154
HDFC,W3,01-Nov-21,850,890,935,862.2,899,898.8,889.55,126600,112616700,188
HDFC,EQ,02-Nov-21,2887.95,2887.9,2917.25,2865.65,2900,2900.05,2892.02,4355642,12596624672,127862
HDFC,W3,02-Nov-21,898.8,890,911.5,883,905,901.65,892.92,85200,76076460,140
HDFC,EQ,03-Nov-21,2900.05,2908,2932.9,2872,2888.2,2895.9,2899.57,3731077,10818514374,121057
HDFC,W3,03-Nov-21,901.65,921.25,940,886,895,897,923.13,40800,37663620,68
HDFC,EQ,04-Nov-21,2895.9,2899.05,2909,2895.05,2900,2899.7,2902.05,129087,374616869.8,11161
HDFC,W3,04-Nov-21,897,910,911,910,911,911,910.5,1200,1092600,2
HDFC,EQ,08-Nov-21,2899.7,2929,3002,2906.15,2980,2979.55,2957.41,5481172,16210049011,169077
HDFC,W3,08-Nov-21,911,925,985,915,974.85,971.65,951.17,55800,53075100,90
HDFC,EQ,09-Nov-21,2979.55,2955.05,2966.95,2916.1,2938,2941.6,2940.11,2947787,8666818295,105242
HDFC,W3,09-Nov-21,971.65,950,956.75,925.6,940,939,935.82,21600,20213760,36
HDFC,EQ,10-Nov-21,2941.6,2920,2951,2886.05,2944.7,2945.6,2920.26,3294239,9620030818,111705
HDFC,W3,10-Nov-21,939,895.35,946,895,946,943,911.18,16800,15307890,28
HDFC,EQ,11-Nov-21,2945.6,2932,2932,2885.15,2905,2908.85,2904.34,2480671,7204722997,111766
HDFC,W3,11-Nov-21,943,910,918.35,890,913.55,907.15,899.35,19200,17267610,31
HDFC,EQ,12-Nov-21,2908.85,2925,2998,2905.45,2987.1,2992.65,2961.2,2802442,8298595510,107924
HDFC,W3,12-Nov-21,907.15,930,987,909,986,982.75,957.62,28800,27579330,48
HDFC,EQ,15-Nov-21,2992.65,3004,3021.1,2971,2994.15,3000.85,2992.36,3248126,9719566427,84930
HDFC,W3,15-Nov-21,982.75,980,995,965,991,989.8,975.16,34200,33350610,56
HDFC,EQ,16-Nov-21,3000.85,2986.2,2999.25,2957.7,2972.6,2975.45,2974.51,4242014,12617929621,129445
HDFC,W3,16-Nov-21,989.8,985,985,950,960,961,961.38,15000,14420670,24
HDFC,EQ,17-Nov-21,2975.45,2956.1,2977.2,2932.25,2949,2948.4,2952.71,2398355,7081640387,151593
HDFC,W3,17-Nov-21,961,934.25,960,934.25,941,939.95,946.47,18600,17604330,28
HDFC,EQ,18-Nov-21,2948.4,2936.1,2964.05,2916.75,2931.2,2925.4,2936.44,3481704,10223816402,214188
HDFC,W3,18-Nov-21,939.95,937,937,910,924.95,913.75,919.65,27600,25382310,45
HDFC,EQ,22-Nov-21,2925.4,2902,2934,2885.15,2888,2894.85,2900.83,3951901,11463776122,209720
HDFC,W3,22-Nov-21,913.75,910.9,911,870.8,880,883.35,887.05,13800,12241290,23
HDFC,EQ,23-Nov-21,2894.85,2855,2915,2855,2900,2906.5,2895.7,3340056,9671815412,133643
HDFC,W3,23-Nov-21,883.35,872,897,872,886,891,882.99,38400,33906690,64
HDFC,EQ,24-Nov-21,2906.5,2905.05,2923,2864.5,2870.5,2883.55,2903.35,2318225,6730622393,106810
HDFC,W3,24-Nov-21,891,900,901,865.55,865.55,879.2,888.64,16800,14929170,26
HDFC,EQ,25-Nov-21,2883.55,2890.45,2890.45,2847,2870,2867.75,2871.49,2221089,6377828537,157117
HDFC,W3,25-Nov-21,879.2,865,887.95,848,867,868.55,865.66,31200,27008730,52
HDFC,EQ,26-Nov-21,2867.75,2820.35,2856,2723,2745,2741.7,2767.08,3353278,9278778701,180323
HDFC,W3,26-Nov-21,868.55,825,830,790.3,818,818.9,810.97,339000,274917420,542
HDFC,EQ,29-Nov-21,2741.7,2745,2747.5,2682.3,2712.55,2713.8,2708.61,3571428,9673614458,134289
HDFC,W3,29-Nov-21,818.9,801.1,820.65,781.1,814,816.4,801.22,64800,51918870,101
HDFC,EQ,30-Nov-21,2713.8,2665,2764.9,2656,2680,2673.1,2694.42,7628539,20554477575,223764
HDFC,W3,30-Nov-21,816.4,833,843,775,783,778.45,803.66,55200,44361840,92
HDFC,EQ,01-Dec-21,2673.1,2712.8,2757.45,2696.2,2710.5,2703.65,2719.72,3847384,10463805533,155732
HDFC,W3,01-Dec-21,778.45,818.95,830.05,793.5,800,797.5,810.85,26400,21406440,44
HDFC,EQ,02-Dec-21,2703.65,2701.05,2814.95,2701.05,2805,2807.8,2786.6,4570690,12736696605,210319
HDFC,W3,02-Dec-21,797.5,812.95,855,812.95,855,850.35,841.94,29400,24753180,48
HDFC,EQ,03-Dec-21,2807.8,2790,2823.95,2765,2777,2771.65,2787.47,2961572,8255284192,104884
HDFC,W3,03-Dec-21,850.35,853.35,860,812,850,850,853.35,72600,61953000,117
HDFC,EQ,06-Dec-21,2771.65,2774.5,2799.9,2760,2765,2768.8,2781.6,1683131,4681792853,79423
HDFC,W3,06-Dec-21,850,866.5,866.7,845,845,845,856.15,4800,4109520,8
HDFC,EQ,07-Dec-21,2768.8,2795,2838.05,2769.45,2820,2817.5,2816.96,2543784,7165747017,129209
HDFC,W3,07-Dec-21,845,864.9,887,864.9,870,868.1,876.45,27600,24190080,46
HDFC,EQ,08-Dec-21,2817.5,2825.25,2864,2820.05,2854.95,2853,2849.31,1772235,5049654539,70985
HDFC,W3,08-Dec-21,868.1,883.8,901,883.15,885,885.65,891.12,27600,24594930,46
HDFC,EQ,09-Dec-21,2853,2872,2877.75,2829.05,2839.75,2842.05,2848.93,2036491,5801818223,116477
HDFC,W3,09-Dec-21,885.65,898.9,898.9,867,874,874,878.2,12600,11065320,21
HDFC,EQ,10-Dec-21,2842.05,2823.3,2838.25,2788.5,2809.3,2808.75,2813.85,3455657,9723684187,99993
HDFC,W3,10-Dec-21,874,855,855,846.15,848,847.95,848.42,37200,31561260,58
HDFC,EQ,13-Dec-21,2808.75,2832.8,2838.8,2766.05,2774,2771.85,2788.31,2661378,7420757036,117598
HDFC,W3,13-Dec-21,847.95,865.45,865.45,818.5,822.55,822.55,834.63,13200,11017080,22
HDFC,EQ,14-Dec-21,2771.85,2750,2764,2720.6,2753.9,2751.95,2742.09,2039433,5592313111,104420
HDFC,W3,14-Dec-21,822.55,801.65,820,791.7,811.1,812.65,806.21,42600,34344510,71
HDFC,EQ,15-Dec-21,2751.95,2755,2759.95,2715,2721,2721.8,2729.08,1355100,3698171652,88425
HDFC,W3,15-Dec-21,812.65,804,806.95,793,797,799.5,799.5,34800,27822690,55
HDFC,EQ,16-Dec-21,2721.8,2749.4,2755.25,2687.8,2719.95,2699.6,2709.82,3149777,8535331537,133768
HDFC,W3,16-Dec-21,799.5,812.75,812.75,787.05,795,797.7,796.05,16200,12896070,27
HDFC,EQ,17-Dec-21,2699.6,2700,2712.3,2611,2619,2617.35,2637.76,4503515,11879186174,214855
HDFC,W3,17-Dec-21,797.7,790,790,755.05,760,760.8,767.35,81000,62155650,133
HDFC,EQ,20-Dec-21,2617.35,2594,2594,2506.05,2553.1,2550.3,2541.05,3483707,8852280116,223619
HDFC,W3,20-Dec-21,760.8,781.1,781.1,701.6,745,745,719.5,55800,40148310,93
HDFC,EQ,21-Dec-21,2550.3,2583.75,2588.9,2530,2547,2540.85,2557.57,2502122,6399341670,116861
HDFC,W3,21-Dec-21,745,747,782,747,750,750,761.52,3600,2741460,6
HDFC,EQ,22-Dec-21,2540.85,2551.95,2557.15,2520.15,2550,2539,2535.93,2763684,7008496445,156177
HDFC,W3,22-Dec-21,750,760,760,740.5,759.8,759.8,748.4,5400,4041360,9
HDFC,EQ,23-Dec-21,2539,2558,2582,2543.35,2565,2571.15,2568.33,1777068,4564098094,100219
HDFC,W3,23-Dec-21,759.8,775,775,763,772,772,770.33,3600,2773200,6
HDFC,EQ,24-Dec-21,2571.15,2585,2585,2525.5,2532.5,2534.55,2543.72,1033480,2628879201,53889
HDFC,W3,24-Dec-21,772,744.9,758,741.05,750,747.05,748.85,11400,8536860,19
HDFC,EQ,27-Dec-21,2534.55,2520,2564.9,2509.45,2560.8,2558.85,2545.58,915233,2329795204,71399
HDFC,W3,27-Dec-21,747.05,750,760,750,760,760,755.75,2400,1813800,4
HDFC,EQ,28-Dec-21,2558.85,2579.8,2587.85,2548,2567.45,2565.35,2565.1,1634180,4191835123,64656
HDFC,W3,28-Dec-21,760,755,763.8,747.2,749,751,754.16,7200,5429970,12
HDFC,EQ,29-Dec-21,2565.35,2575,2581,2551,2563,2563.55,2566.75,1474656,3785067589,47522
HDFC,W3,29-Dec-21,751,765,765,760.5,760.5,760.5,762.75,1200,915300,2
HDFC,EQ,30-Dec-21,2563.55,2561.3,2579.8,2545.4,2570,2563.7,2565.85,1558019,3997637290,70584
HDFC,W3,30-Dec-21,760.5,769.75,780,765,778,778,774.3,6600,5110410,10
HDFC,EQ,31-Dec-21,2563.7,2565,2608.65,2561,2587,2586.45,2593.21,2289067,5936020239,83568
HDFC,W3,31-Dec-21,778,785,785,780,780,780,781,3000,2343000,5
HDFC,EQ,03-Jan-22,2586.45,2594,2640,2587.1,2639.15,2636.4,2619.11,1256497,3290905540,61114
HDFC,W3,03-Jan-22,780,781.1,814,777.1,805,802.25,793.19,39000,30934470,64
HDFC,EQ,04-Jan-22,2636.4,2645,2678.7,2620.35,2675,2675.3,2653.67,1846249,4899339738,111237
HDFC,W3,04-Jan-22,802.25,800,808,792.7,808,808,800.76,6000,4804560,10
HDFC,EQ,05-Jan-22,2675.3,2680.95,2695.45,2652.3,2672,2673.65,2675.9,3743882,10018252554,163505
HDFC,W3,05-Jan-22,808,800,808,800,808,808,802.92,11400,9153330,19
HDFC,EQ,06-Jan-22,2673.65,2646.35,2654.75,2603.5,2619,2620.4,2622.02,4616700,12105100750,98787
HDFC,W3,06-Jan-22,808,800,800,772,772,774.7,779.33,9000,7013940,15
HDFC,EQ,07-Jan-22,2620.4,2606.05,2618.3,2585,2598.05,2596.7,2596.17,6185361,16058237795,169829
HDFC,W3,07-Jan-22,774.7,770,780,763.05,763.05,764,769,12000,9228000,19
HDFC,EQ,10-Jan-22,2596.7,2601.9,2665.05,2601.9,2660,2659.65,2626.32,5328083,13993259963,110165
HDFC,W3,10-Jan-22,764,770,797,765,776,780.5,778.43,30000,23352810,50
HDFC,EQ,11-Jan-22,2659.65,2664,2729,2664,2707.65,2710.95,2701.56,4170007,11265543697,167338
HDFC,W3,11-Jan-22,780.5,780.5,805,780.5,795,795,797.54,18000,14355750,30
HDFC,EQ,12-Jan-22,2710.95,2736,2752,2713.05,2735,2737.5,2735.3,2695634,7373367877,111173
HDFC,W3,12-Jan-22,795,800,809.9,795,800,798.95,801.73,20400,16355250,31
HDFC,EQ,13-Jan-22,2737.5,2750,2762,2726.1,2757.3,2756,2746.92,2011413,5525183513,115235
HDFC,W3,13-Jan-22,798.95,808,817.9,806,806,809.4,811.1,7800,6326610,13
HDFC,EQ,14-Jan-22,2756,2712,2731.6,2687.3,2710.95,2712.45,2709,1765906,4783840335,102510
HDFC,W3,14-Jan-22,809.4,784.5,815.05,775.05,803,803,800.8,25800,20660580,42
HDFC,EQ,17-Jan-22,2712.45,2710.6,2733.1,2692.5,2697.1,2702.7,2706.76,1614989,4371385432,97244
HDFC,W3,17-Jan-22,803,810.05,810.05,786,798,798,794.78,11400,9060540,19
HDFC,EQ,18-Jan-22,2702.7,2713,2713.55,2656.8,2661,2662.5,2681.35,2086266,5594002544,142910
HDFC,W3,18-Jan-22,798,790.05,798.5,785.05,787,790.8,791.28,17400,13768200,28
HDFC,EQ,19-Jan-22,2662.5,2681,2698.85,2608.1,2617.2,2620.25,2627.64,1793748,4713326731,160027
HDFC,W3,19-Jan-22,790.8,782,782,762,769.85,769.85,771.29,7800,6016080,13
HDFC,EQ,20-Jan-22,2620.25,2612.65,2630,2543.4,2571,2569.3,2572.45,3759429,9670953095,189896
HDFC,W3,20-Jan-22,769.85,751,759.75,749.5,754.9,754.9,751.65,7800,5862870,13
HDFC,EQ,21-Jan-22,2569.3,2553.5,2605.35,2542.05,2599.8,2592.95,2577.62,3952946,10189204401,160605
HDFC,W3,21-Jan-22,754.9,760,765,752.5,752.5,757.8,760.69,5400,4107750,9
HDFC,EQ,24-Jan-22,2592.95,2571.65,2601.8,2510.35,2528,2539.8,2553.94,2340062,5976368049,146189
HDFC,W3,24-Jan-22,757.8,744,744,682.05,710,700.25,697.08,144000,100379790,189
HDFC,EQ,25-Jan-22,2539.8,2500,2540.7,2473.8,2530.1,2530.6,2506.36,4528568,11350226971,203027
HDFC,W3,25-Jan-22,700.25,699.5,708,690,708,708,700.22,5400,3781170,9
HDFC,EQ,27-Jan-22,2530.6,2505.6,2514,2448.6,2510.5,2503.35,2480.25,6600059,16369774021,230610
HDFC,W3,27-Jan-22,708,680,709,672.1,709,707,689.55,80400,55439790,56
HDFC,EQ,28-Jan-22,2503.35,2513.7,2556.8,2488.7,2513.1,2516.5,2532.79,4885166,12373087203,151434
HDFC,W3,28-Jan-22,707,710.05,730,710.05,717,719.9,720.74,27600,19892430,17
HDFC,EQ,31-Jan-22,2516.5,2541.8,2561.4,2513.15,2518,2521,2531.03,3306726,8369409170,130516
HDFC,W3,31-Jan-22,719.9,733.55,733.55,720,726,726,726.81,4800,3488700,8
HDFC,EQ,01-Feb-22,2521,2552.6,2596,2510.3,2569.9,2565.35,2566.28,2980741,7649429323,135735
HDFC,W3,01-Feb-22,726,730,765.05,730,765,763.85,747.55,24600,18389640,40
HDFC,EQ,02-Feb-22,2565.35,2583.2,2623.3,2580.7,2617,2612.95,2601.77,4160178,10823813428,159412
HDFC,W3,02-Feb-22,763.85,768,780,752.1,756,758,767.23,31200,23937540,45
HDFC,EQ,03-Feb-22,2612.95,2613,2620,2520,2521.5,2527.8,2545.51,4647089,11829214750,243196
HDFC,W3,03-Feb-22,758,740.05,745.55,720.1,723,722.05,730.25,9000,6572220,15
HDFC,EQ,04-Feb-22,2527.8,2546.5,2547,2497,2502,2503.25,2514.21,4404184,11073056373,239694
HDFC,W3,04-Feb-22,722.05,734.9,747.5,720,720,722,733.48,14400,10562040,24
HDFC,EQ,07-Feb-22,2503.25,2488.5,2512.1,2420,2426.7,2428.15,2450.97,3664108,8980613667,200599
HDFC,W3,07-Feb-22,722,705.75,712,675,677.95,678.2,687.66,41400,28469250,68
HDFC,EQ,08-Feb-22,2428.15,2441,2452,2405,2410.95,2414.6,2419.05,6127473,14822659697,226531
HDFC,W3,08-Feb-22,678.2,680,688.45,660.05,673,672.2,674.16,28800,19415760,35
HDFC,EQ,09-Feb-22,2414.6,2432,2442.5,2402.5,2440.4,2435.35,2420.78,7141774,17288694746,215047
HDFC,W3,09-Feb-22,672.2,671,687,660.1,675,675.05,675.54,25800,17428920,35
HDFC,EQ,10-Feb-22,2435.35,2462,2505.7,2441.6,2472,2476.55,2475.77,6346218,15711797904,277489
HDFC,W3,10-Feb-22,675.05,689.8,704.9,685.1,685.1,686.55,695.01,36000,25020180,54
HDFC,EQ,11-Feb-22,2476.55,2449.95,2449.95,2417.1,2422,2426.35,2430.18,4062444,9872488535,196048
HDFC,W3,11-Feb-22,686.55,656.1,670.55,646,646,647.6,654.7,44400,29068740,71
HDFC,EQ,14-Feb-22,2426.35,2390,2390,2290,2290.9,2296.8,2325.68,5903697,13730084885,329805
HDFC,W3,14-Feb-22,647.6,600,644,600,602,603,613.99,45000,27629430,68
HDFC,EQ,15-Feb-22,2296.8,2319.75,2345,2286.85,2340.9,2340.25,2317.83,9153706,21216697286,224575
HDFC,W3,15-Feb-22,603,614.7,633.9,610,625,625,622.98,171600,106903980,74
HDFC,EQ,16-Feb-22,2340.25,2341,2403.85,2341,2362.05,2363.85,2373,8005225,18996437537,169860
HDFC,W3,16-Feb-22,625,635,642,622,622,623.95,634.39,19200,12180360,32
HDFC,EQ,17-Feb-22,2363.85,2389.95,2426,2361.8,2407.9,2411.8,2404.61,5317679,12786964356,136513
HDFC,W3,17-Feb-22,623.95,642,642,621,630,630.75,634.62,33000,20942370,30
HDFC,EQ,18-Feb-22,2411.8,2411.8,2451,2402.4,2437.2,2441.15,2435.31,3725963,9073874464,152533
HDFC,W3,18-Feb-22,630.75,639.75,654,639.75,640,640.5,643.98,27600,17773890,23
HDFC,EQ,21-Feb-22,2441.15,2424.95,2447.65,2410,2438.9,2436.8,2432.59,2979739,7248473304,135348
HDFC,W3,21-Feb-22,640.5,640,655,640,640.6,640.6,646.71,16200,10476750,26
HDFC,EQ,22-Feb-22,2436.8,2385.1,2462.25,2373.15,2450.85,2453.95,2423.81,4604370,11160140057,196868
HDFC,W3,22-Feb-22,640.6,610,635,610,635,635,625.06,21600,13501260,36
HDFC,EQ,23-Feb-22,2453.95,2471.8,2479.45,2428.3,2440,2437.05,2458.15,3044306,7483349300,198247
HDFC,W3,23-Feb-22,635,640.05,645.95,617,624,620.3,631.93,96600,61044450,158
HDFC,EQ,24-Feb-22,2437.05,2367,2401,2331,2338.45,2343.05,2373.18,5058230,12004079915,218835
HDFC,W3,24-Feb-22,620.3,600,619,600,610,609.8,611.74,43800,26794320,71
HDFC,EQ,25-Feb-22,2343.05,2380.9,2417.1,2370.05,2400,2401.35,2401.04,2731176,6557665185,144984
HDFC,W3,25-Feb-22,609.8,623,626,608,610,610,617.14,52800,32585010,87
HDFC,EQ,28-Feb-22,2401.35,2375,2402.8,2333,2361.85,2364.5,2363.86,8366630,19777540737,174652
HDFC,W3,28-Feb-22,610,595,610,595,600,600,602.11,10800,6502770,18
HDFC,EQ,02-Mar-22,2364.5,2321.5,2321.5,2259.45,2286.2,2278.1,2285.82,8890970,20323127540,304770
HDFC,W3,02-Mar-22,600,560,593.7,560,572,570,572.64,27000,15461340,45
HDFC,EQ,03-Mar-22,2278.1,2280,2306.55,2262.25,2276.15,2273,2280.23,6191711,14118516629,147832
HDFC,W3,03-Mar-22,570,571.1,581,547,553.5,548.2,558.03,46200,25780830,58
HDFC,EQ,04-Mar-22,2273,2250.3,2263,2203,2219,2217.5,2233.38,4537882,10134798811,232910
HDFC,W3,04-Mar-22,548.2,532,540,520,535,529.8,526.83,142800,75231120,153
HDFC,EQ,07-Mar-22,2217.5,2139.4,2154.9,2098.2,2128,2121.95,2127.95,7675627,16333335836,298979
HDFC,W3,07-Mar-22,529.8,490,506,480.6,504,497.1,493.98,45000,22228920,63
HDFC,EQ,08-Mar-22,2121.95,2106,2161.95,2046,2156.85,2151.7,2101.3,9024183,18962549055,317335
HDFC,W3,08-Mar-22,497.1,485,533.8,480,529.9,525,500.29,72600,36320730,109
HDFC,EQ,09-Mar-22,2151.7,2151.7,2216,2120.35,2199.4,2194.4,2180,6114047,13328627891,248506
HDFC,W3,09-Mar-22,525,530,550,525,534,533.15,535.76,43200,23144820,66
HDFC,EQ,10-Mar-22,2194.4,2287,2287,2206.65,2232.55,2237.95,2249.72,4183914,9412625443,190372
HDFC,W3,10-Mar-22,533.15,562,567.8,542,542,542,558.58,16200,9049050,25
HDFC,EQ,11-Mar-22,2237.95,2216,2259.85,2189.9,2232,2230,2233.07,2532517,5655277659,112353
HDFC,W3,11-Mar-22,542,549.5,580,549.5,580,580,565.52,13800,7804200,19
HDFC,EQ,14-Mar-22,2230,2235,2285.6,2218,2285.3,2275.7,2254.42,2153393,4854654795,119697
HDFC,W3,14-Mar-22,580,555.25,560.25,543,550,550.05,550.44,58800,32365710,85
HDFC,EQ,15-Mar-22,2275.7,2291.7,2308.05,2230.45,2244.85,2240.85,2273.32,4557236,10360064699,218370
HDFC,W3,15-Mar-22,550.05,565,570,540,540,541.8,550.02,11400,6270210,18
HDFC,EQ,16-Mar-22,2240.85,2280,2320,2272.65,2302.3,2292.1,2295.62,3558601,8169205464,204690
HDFC,W3,16-Mar-22,541.8,572.7,580,561,572,569.75,574.09,15600,8955840,25
HDFC,EQ,17-Mar-22,2292.1,2346,2423.8,2346,2415,2415.25,2397.65,6664277,15978619944,231016
HDFC,W3,17-Mar-22,569.75,605.9,605.9,587,587,590.65,592.74,84000,49790190,124
HDFC,EQ,21-Mar-22,2415.25,2459,2459,2383.5,2389,2391.9,2407.8,3702411,8914654808,167002
HDFC,W3,21-Mar-22,590.65,577,579,577,578,577.75,577.75,2400,1386600,4
HDFC,EQ,22-Mar-22,2391.9,2398,2420,2355.55,2406.95,2402.75,2381.46,6357856,15140962531,131396
HDFC,W3,22-Mar-22,577.75,570,584,570,574,574.5,576.06,9600,5530200,16
HDFC,EQ,23-Mar-22,2402.75,2408.75,2422.6,2341.2,2344.7,2346.3,2375.4,3173223,7537678414,132693
HDFC,W3,23-Mar-22,574.5,570,570,545,550,548.95,552.27,57600,31810980,91
HDFC,EQ,24-Mar-22,2346.3,2318,2356.95,2303.55,2307.35,2310.5,2326.46,3994199,9292327535,156339
HDFC,W3,24-Mar-22,548.95,540,540,510,510,510.2,522.91,114000,59612100,143
HDFC,EQ,25-Mar-22,2310.5,2333,2339.05,2286.75,2306,2303,2300.8,3418282,7864769162,154576
HDFC,W3,25-Mar-22,510.2,530,550,508,518,519.45,515.96,73200,37767960,46
HDFC,EQ,28-Mar-22,2303,2310,2313.9,2234.1,2269,2268.25,2260.81,4734110,10702910947,206984
HDFC,W3,28-Mar-22,519.45,519,520,495,499.85,498.9,504.7,54600,27556530,58
HDFC,EQ,29-Mar-22,2268.25,2285.9,2344.9,2284,2343,2337.35,2318.03,3202852,7424302460,135992
HDFC,W3,29-Mar-22,498.9,517.95,530,507.65,528,528.1,525.52,102000,53602560,85
HDFC,EQ,30-Mar-22,2337.35,2369.4,2388,2347.65,2385,2385.45,2375.78,3176850,7547510605,123275
HDFC,W3,30-Mar-22,528.1,534.9,562.95,534.9,562.95,561.95,550.72,20400,11234730,28
HDFC,EQ,31-Mar-22,2385.45,2381.5,2428.2,2380.2,2384.9,2390.4,2401.07,4167353,10006088216,148009
HDFC,W3,31-Mar-22,561.95,555,573,510,520.15,521.95,535.39,61800,33087000,102
HDFC,EQ,01-Apr-22,2390.4,2363.2,2464.7,2349,2462.25,2452.3,2418.86,2651324,6413169806,115526
HDFC,W3,01-Apr-22,521.95,525.9,570.1,525.75,570.1,566.9,556.7,43800,24383520,70
HDFC,EQ,04-Apr-22,2452.3,2570.5,2933.8,2570.5,2676,2680.05,2721.95,34117717,92866836731,817965
HDFC,W3,04-Apr-22,566.9,548.75,623.55,548.75,623.55,623.55,623.33,453600,282743910,131
HDFC,EQ,05-Apr-22,2680.05,2677.4,2680,2614.1,2621.95,2623.7,2638.5,6178848,16302889475,242994
HDFC,W3,05-Apr-22,623.55,685.9,685.9,641,644.9,650.1,664.16,144600,96037860,215
HDFC,EQ,06-Apr-22,2623.7,2597.4,2604,2530.1,2537,2536.05,2558.47,5102935,13055722516,232140
HDFC,W3,06-Apr-22,650.1,613.45,632.7,610,632.5,627.65,619.81,255600,158423040,192
HDFC,EQ,07-Apr-22,2536.05,2511.6,2519.9,2458.15,2466,2462.7,2478.02,8094839,20059175105,308847
HDFC,W3,07-Apr-22,627.65,615,627.5,610,610,611.05,617.32,85200,52595250,116
HDFC,EQ,08-Apr-22,2462.7,2490,2490,2427.6,2457.35,2458.25,2452.67,9568303,23467879885,254916
HDFC,W3,08-Apr-22,611.05,603,603,581,592,595.25,589.43,164400,96903000,171
HDFC,EQ,11-Apr-22,2458.25,2440,2454,2421.1,2427,2424.7,2436.66,4173679,10169826783,145859
HDFC,W3,11-Apr-22,595.25,575,590,575,577,584.5,586.09,114600,67165740,40
HDFC,EQ,12-Apr-22,2424.7,2411.2,2443.7,2399,2426.55,2425.7,2423.08,5390147,13060774852,201796
HDFC,W3,12-Apr-22,584.5,584.95,590,570.05,574,573.5,577.15,20400,11773830,33
HDFC,EQ,13-Apr-22,2425.7,2447,2447,2371.55,2371.55,2378.5,2399.07,4257122,10213119851,189878
HDFC,W3,13-Apr-22,573.5,571.05,571.05,547,549,548.8,553.71,31800,17607840,51
HDFC,EQ,18-Apr-22,2378.5,2318.6,2322,2257.05,2264,2263.5,2282.57,9158650,20905222862,305740
HDFC,W3,18-Apr-22,548.8,526.1,527,499.95,504.55,505.3,512.71,96600,49527810,150
HDFC,EQ,19-Apr-22,2263.5,2264.1,2270.9,2111.25,2121.75,2140.2,2179.3,20050720,43696581921,563837
HDFC,W3,19-Apr-22,505.3,504.55,504.55,467,475,493.4,488.42,166800,81468390,214
HDFC,EQ,20-Apr-22,2140.2,2154,2188.9,2144,2185,2180.2,2168.09,5434844,11783229992,247224
HDFC,W3,20-Apr-22,493.4,481,498,480,489.75,482.35,488.27,141600,69139080,80
HDFC,EQ,21-Apr-22,2180.2,2197.7,2246.6,2181.2,2230,2230.65,2212.18,5419406,11988675748,179865
HDFC,W3,21-Apr-22,482.35,486,511.9,470,507,509.7,494.34,97800,48346440,145
HDFC,EQ,22-Apr-22,2230.65,2190.05,2242.3,2186,2202.7,2206.4,2216.23,4840122,10726838763,152314
HDFC,W3,22-Apr-22,509.7,495,514.55,490,509,507,503.73,49200,24783690,61
HDFC,EQ,25-Apr-22,2206.4,2187.9,2221,2156,2214.5,2210.5,2195.78,2999737,6586771247,139111
HDFC,W3,25-Apr-22,507,495,497.35,485.3,490.1,492.6,493.29,39000,19238400,34
HDFC,EQ,26-Apr-22,2210.5,2230,2239,2205,2224.05,2230.2,2225.72,2514191,5595892476,132103
HDFC,W3,26-Apr-22,492.6,496,505,496,500.5,502.75,500.36,35400,17712690,57
HDFC,EQ,27-Apr-22,2230.2,2214.7,2238.9,2206,2214.6,2218.7,2221.88,2560457,5689026357,120084
HDFC,W3,27-Apr-22,502.75,492.55,500.6,485,488,487,498.39,146400,72964500,49
HDFC,EQ,28-Apr-22,2218.7,2237.4,2237.4,2206.75,2219.5,2224,2224.29,3424941,7618061665,126587
HDFC,W3,28-Apr-22,487,490,490,480.05,488,489,485.01,10800,5238150,15
HDFC,EQ,29-Apr-22,2224,2230,2283.5,2215,2227,2229.7,2249.59,5492816,12356599707,231841
HDFC,W3,29-Apr-22,489,490.8,505,488.5,495.95,496.4,495.3,17400,8618280,28
HDFC,EQ,02-May-22,2229.7,2194.1,2270,2184,2259,2264,2249.42,3878583,8724549275,175503
HDFC,W3,02-May-22,496.4,493.9,500,485.1,500,495.85,492.99,20400,10057020,31
HDFC,EQ,04-May-22,2264,2271.3,2278,2192,2209.3,2206.95,2242.4,4754704,10661925869,221302
HDFC,W3,04-May-22,495.85,492.05,493,470,470,473.05,481.23,12000,5774730,20
HDFC,EQ,05-May-22,2206.95,2230.35,2251.9,2207,2215.55,2215.4,2228.94,2661611,5932563317,93119
HDFC,W3,05-May-22,473.05,470.7,488,470,470,470,480.52,7200,3459720,12
HDFC,EQ,06-May-22,2215.4,2170,2190,2142.75,2159,2150.65,2160.17,3862931,8344598349,176903
HDFC,W3,06-May-22,470,475,475.5,470,475,474.5,472.57,51000,24100890,85
HDFC,EQ,09-May-22,2150.65,2115,2181,2113.6,2170.2,2168.3,2148.8,3969231,8529090113,163188
HDFC,W3,09-May-22,474.5,451.1,465,451.1,461,461,458.94,24000,11014470,26
HDFC,EQ,10-May-22,2168.3,2163.45,2221.8,2160.25,2200,2201.3,2200.26,4205193,9252533265,172317
HDFC,W3,10-May-22,461,465.25,470.55,456,460,457.45,465.26,15000,6978900,19
HDFC,EQ,11-May-22,2201.3,2228.2,2237.85,2186.35,2227,2219.1,2210.76,3499620,7736813608,198663
HDFC,W3,11-May-22,457.45,460,468.9,445.55,467,456,453.07,13800,6252420,18
HDFC,EQ,12-May-22,2219.1,2190,2204,2143,2151.45,2150.45,2169.88,4361039,9462948751,206791
HDFC,W3,12-May-22,456,451.55,451.55,441.25,441.25,441.25,449.77,8400,3778080,9
HDFC,EQ,13-May-22,2150.45,2165.4,2190.95,2125.25,2131.95,2132.95,2160.08,4905109,10595408721,171636
HDFC,W3,13-May-22,441.25,443,456.15,443,456.15,456.15,450.95,12000,5411430,15
HDFC,EQ,16-May-22,2132.95,2134.5,2182.55,2130.55,2174.75,2172.1,2164.73,1745877,3779345389,105100
HDFC,W3,16-May-22,456.15,460,476.95,443.5,444.15,444.7,451.73,16800,7589010,27
HDFC,EQ,17-May-22,2172.1,2180,2196.6,2160.75,2195,2190.55,2183.26,3079155,6722581366,160956
HDFC,W3,17-May-22,444.7,448.9,450.35,444,444,446,449.02,25800,11584800,39
HDFC,EQ,18-May-22,2190.55,2195,2218,2178,2188,2184.55,2195.14,2472415,5427286624,122402
HDFC,W3,18-May-22,446,446,446,445.45,445.45,445.45,445.59,2400,1069410,3
HDFC,EQ,19-May-22,2184.55,2132,2158.95,2122.65,2138,2136.3,2138.58,3867697,8271369182,148706
HDFC,W3,19-May-22,445.45,430,430,421,421,421.85,422.9,11400,4821060,13
HDFC,EQ,20-May-22,2136.3,2165,2212,2152.3,2209.85,2201.6,2190.46,3954167,8661459538,160680
HDFC,W3,20-May-22,421.85,438,450,430,433.05,433.05,439.06,14400,6322500,21
HDFC,EQ,23-May-22,2201.6,2217.7,2221,2165.2,2171.9,2175.95,2202.58,3630816,7997169556,110463
HDFC,W3,23-May-22,433.05,435,435,415,415,416.85,426.62,10200,4351500,17
HDFC,EQ,24-May-22,2175.95,2167.75,2226,2158.1,2212.95,2206.8,2202.45,3778065,8320988003,136564
HDFC,W3,24-May-22,416.85,424.85,429,420,421,421,420.35,31200,13115040,6
HDFC,EQ,25-May-22,2206.8,2217.85,2251.15,2216.05,2236.05,2237.45,2235.4,3147555,7036054683,138162
HDFC,W3,25-May-22,421,425,428,415,417,416,420.8,6000,2524800,10
HDFC,EQ,26-May-22,2237.45,2242,2301.65,2242,2291.95,2287.75,2275.16,5940524,13515628763,187638
HDFC,W3,26-May-22,416,423,446.5,422.55,444.55,444.35,427.07,30600,13068210,16
HDFC,EQ,27-May-22,2287.75,2304.6,2334.25,2300.3,2330,2330.4,2320.79,2257207,5238507182,119365
HDFC,W3,27-May-22,444.35,450.55,455,446,450,448.8,451.6,22200,10025610,32
HDFC,EQ,30-May-22,2330.4,2367.8,2388,2362.3,2367,2367.25,2375.69,5423558,12884682892,134234
HDFC,W3,30-May-22,448.8,478.95,489.95,457,460,460,468.41,55200,25856280,89
HDFC,EQ,31-May-22,2367.25,2328,2334.2,2287.9,2295,2306.75,2312.21,6282851,14527271814,126251
HDFC,W3,31-May-22,460,449.9,450,435,435,437.45,443.47,4200,1862580,7
HDFC,EQ,01-Jun-22,2306.75,2314,2335.65,2292.35,2331.95,2329.9,2320.21,2982569,6920174381,113063
HDFC,W3,01-Jun-22,437.45,447.95,450,445,450,446.7,447.16,6600,2951250,11
HDFC,EQ,02-Jun-22,2329.9,2324.4,2324.4,2278.35,2293,2289.6,2295.18,2873032,6594125010,98480
HDFC,W3,02-Jun-22,446.7,433.6,441.95,432,435,435,435.46,5400,2351490,9
HDFC,EQ,03-Jun-22,2289.6,2308,2316.05,2271.35,2275,2277.35,2293.69,2975522,6824929582,78179
HDFC,W3,03-Jun-22,435,445,450,440,445,444.7,445.36,31800,14162580,53
HDFC,EQ,06-Jun-22,2277.35,2257,2288,2256.05,2265.75,2274,2278.63,2897544,6602429800,85174
HDFC,W3,06-Jun-22,444.7,448.95,458,448.95,453,453.15,451.32,62400,28162590,103
HDFC,EQ,07-Jun-22,2274,2248.5,2263,2226,2258,2259.5,2249.77,2112189,4751934040,72120
HDFC,W3,07-Jun-22,453.15,440.55,444,431.1,444,444,437.18,5400,2360790,9
HDFC,EQ,08-Jun-22,2259.5,2280,2281.7,2242.6,2258.55,2258.65,2261.92,1780048,4026330139,93050
HDFC,W3,08-Jun-22,444,433.7,443,433.7,435,435,436.14,4200,1831770,7
HDFC,EQ,09-Jun-22,2258.65,2240.05,2273.75,2238,2267,2265.45,2255.77,2053393,4631978510,75545
HDFC,W3,09-Jun-22,435,433,437.85,431,431.55,431.55,433.35,2400,1040040,4
HDFC,EQ,10-Jun-22,2265.45,2240.3,2246.95,2172.5,2180.2,2179.8,2194.62,4485909,9844843638,172040
HDFC,W3,10-Jun-22,431.55,425,425,407,416,411.7,417.09,15600,6506610,25
HDFC,EQ,13-Jun-22,2179.8,2115,2137.65,2089.35,2136.7,2128.45,2114.86,3700786,7826627577,134842
HDFC,W3,13-Jun-22,411.7,405,405,385.05,388,388,392.87,6600,2592960,11
HDFC,EQ,14-Jun-22,2128.45,2094,2132,2090.05,2112.05,2109.5,2110.71,3631959,7666011007,125077
HDFC,W3,14-Jun-22,388,392,405,389,393.8,393.8,395.31,10800,4269390,18
HDFC,EQ,15-Jun-22,2109.5,2097,2110.95,2071.3,2110.9,2105.45,2093.02,4365287,9136623286,126733
HDFC,W3,15-Jun-22,393.8,389,397,385,397,397,391.99,5400,2116770,9
HDFC,EQ,16-Jun-22,2105.45,2115.35,2133.8,2050,2057.1,2056.5,2085.32,3189251,6650597755,139282
HDFC,W3,16-Jun-22,397,391,395.05,362,362,371.05,383.27,12000,4599240,20
HDFC,EQ,17-Jun-22,2056.5,2035,2064.9,2026,2058,2052.7,2046.6,5009613,10252662188,131298
HDFC,W3,17-Jun-22,371.05,360,380,360,380,380,372.5,2400,894000,4
HDFC,EQ,20-Jun-22,2052.7,2063.45,2139.85,2062.1,2133.35,2135.25,2111.55,5845204,12342447633,143983
HDFC,W3,20-Jun-22,380,380,395,380,385,385.05,386.76,4800,1856460,8
HDFC,EQ,21-Jun-22,2135.25,2147.1,2192.05,2138.65,2172,2174.7,2171.05,3407154,7397100495,141099
HDFC,W3,21-Jun-22,385.05,404.95,414,398,414,414,406.9,6000,2441400,10
HDFC,EQ,22-Jun-22,2174.7,2160,2185.85,2151.1,2154.6,2159.25,2169.44,2951514,6403121534,115837
HDFC,W3,22-Jun-22,414,405,405,400,400,400,402.5,1200,483000,2
HDFC,EQ,23-Jun-22,2159.25,2156.35,2179.95,2135,2165.95,2164.2,2163.82,2709259,5862358209,111135
HDFC,EQ,24-Jun-22,2164.2,2160.1,2201,2158.05,2187.95,2189,2184.11,3076421,6719254400,98998
HDFC,W3,24-Jun-22,400,413.95,413.95,413.95,413.95,413.95,413.95,600,248370,1
HDFC,EQ,27-Jun-22,2189,2219,2221,2188.8,2192.9,2194.45,2201.63,2781655,6124175833,89673
HDFC,W3,27-Jun-22,413.95,419.85,420,419.85,420,420,419.93,1200,503910,2
HDFC,EQ,28-Jun-22,2194.45,2177,2197,2159,2191.5,2180.85,2172.07,2995821,6507143936,142758
HDFC,W3,28-Jun-22,420,405.55,405.55,405.55,405.55,405.55,405.55,600,243330,1
HDFC,EQ,29-Jun-22,2180.85,2168,2189.95,2164.1,2172.8,2177.15,2177.07,2137621,4653751857,96248
HDFC,W3,29-Jun-22,405.55,400,400,391.25,392.55,392.55,393.38,4800,1888230,8
HDFC,EQ,30-Jun-22,2177.15,2156.05,2194,2152.1,2154.1,2170.85,2172.15,3052310,6630069204,114314
HDFC,W3,30-Jun-22,392.55,391.05,391.05,391.05,391.05,391.05,391.05,1200,469260,2
HDFC,EQ,01-Jul-22,2170.85,2155,2224.05,2133.1,2205.3,2210.55,2177.73,2776869,6047258827,123963
HDFC,W3,01-Jul-22,391.05,401.5,417.9,401.5,417.9,411.05,408.67,4800,1961610,8
HDFC,EQ,04-Jul-22,2210.55,2195.15,2220.55,2178.2,2209.45,2216.85,2200.72,1713059,3769966437,70765
HDFC,W3,04-Jul-22,411.05,419.85,419.85,410.55,412,412,414.13,1800,745440,3
HDFC,EQ,05-Jul-22,2216.85,2241,2245.5,2191.4,2195,2202.9,2225.54,3289675,7321309470,129323
HDFC,W3,05-Jul-22,412,420,420,410,410,412.5,416.92,5400,2251380,9
HDFC,EQ,06-Jul-22,2202.9,2186,2234,2186,2225,2229.5,2219.32,3415023,7579036311,127238
HDFC,W3,06-Jul-22,412.5,402,410.55,402,410.55,410.55,408.76,3600,1471530,6
HDFC,EQ,07-Jul-22,2229.5,2241.6,2249.45,2228.6,2246.8,2245.55,2241.39,2907549,6516952397,73701
HDFC,W3,07-Jul-22,410.55,418.9,418.9,418.9,418.9,418.9,418.9,600,251340,1
HDFC,EQ,08-Jul-22,2245.55,2260,2262.4,2224.9,2245.75,2239.75,2240.69,4484309,10047940338,107775
HDFC,W3,08-Jul-22,418.9,429.65,430,407,407,408.75,417.84,7800,3259140,13
HDFC,EQ,11-Jul-22,2239.75,2233.25,2260,2228.25,2247.65,2249.5,2245.85,2115471,4751034897,78127
HDFC,W3,11-Jul-22,408.75,417.95,417.95,410,415,415,412.8,12000,4953540,15
HDFC,EQ,12-Jul-22,2249.5,2230,2243,2218,2223.65,2226.9,2226.66,1699784,3784843262,56012
HDFC,W3,12-Jul-22,415,412,420.1,412,419,419,418.15,22200,9282870,23
HDFC,EQ,13-Jul-22,2226.9,2235,2239.6,2160.55,2170.65,2165.05,2186.02,3364164,7354123637,135898
HDFC,W3,13-Jul-22,419,419.8,421.3,405.05,405.05,409.55,415.18,60600,25159800,51
HDFC,EQ,14-Jul-22,2165.05,2177.85,2194.9,2160,2169.95,2167.4,2176.65,2740215,5964478134,103398
HDFC,W3,14-Jul-22,409.55,414.85,415,406,406,406,412.79,6000,2476710,10
HDFC,EQ,15-Jul-22,2167.4,2172.5,2218.95,2171.25,2218.8,2216.1,2199.92,2486731,5470604031,87352
HDFC,W3,15-Jul-22,406,402.05,411,402.05,411,408.5,407.51,2400,978030,4
HDFC,EQ,18-Jul-22,2216.1,2212,2223.35,2188,2205.5,2204.3,2202.19,2747346,6050191516,66609
HDFC,W3,18-Jul-22,408.5,410,410,403,405,405,406,1800,730800,3
HDFC,EQ,19-Jul-22,2204.3,2192,2223,2191.25,2217.6,2217.7,2210.89,2586991,5719551269,70320
HDFC,W3,19-Jul-22,405,408.5,408.5,408.5,408.5,408.5,408.5,600,245100,1
HDFC,EQ,20-Jul-22,2217.7,2243,2252.7,2224,2227,2231.4,2241.42,2511265,5628810535,91920
HDFC,W3,20-Jul-22,408.5,410,412,408,408,408,410.11,26400,10827000,11
HDFC,EQ,21-Jul-22,2231.4,2230,2250.4,2225,2244,2242.4,2241.69,2316951,5193881194,76330
HDFC,W3,21-Jul-22,408,405,405,400.55,400.55,400.55,402.86,3600,1450290,6
HDFC,EQ,22-Jul-22,2242.4,2260,2302.05,2250.6,2295.95,2295.95,2280.65,3059414,6977443610,132858
HDFC,W3,22-Jul-22,400.55,409.95,410.25,403.65,409.9,409.95,408.21,37800,15430380,59
HDFC,BL,25-Jul-22,2711.65,2295.95,2295.95,2295.95,2295.95,2295.95,2295.95,2318003,5322018988,1
HDFC,EQ,25-Jul-22,2295.95,2286,2320,2275.6,2303,2308.65,2295.25,1931624,4433569513,92552
HDFC,W3,25-Jul-22,409.95,409.95,410.25,404.2,405,405.05,407.23,30000,12217020,45
HDFC,EQ,26-Jul-22,2308.65,2307.75,2309.95,2286,2286.1,2292.5,2298.19,1606301,3691587751,96565
HDFC,W3,26-Jul-22,405.05,410,415,406.55,407,407.9,410.53,38400,15764220,54
HDFC,EQ,27-Jul-22,2292.5,2286.25,2316.8,2282.55,2311.05,2313.35,2304.9,1103714,2543947424,76473
HDFC,W3,27-Jul-22,407.9,407.9,410,407.9,407.95,407.95,408.07,34200,13955880,52
HDFC,EQ,28-Jul-22,2313.35,2323.1,2345.6,2319,2339.05,2337.55,2334.63,1780021,4155695641,90414
HDFC,W3,28-Jul-22,407.95,418,435,408,435,427.4,418.07,61800,25836660,53
HDFC,EQ,29-Jul-22,2337.55,2356,2392.7,2340.4,2389,2377.8,2368.07,5268895,12477096525,164664
HDFC,W3,29-Jul-22,427.4,434.8,450,425,428,427.05,436.31,139200,60733950,225
HDFC,EQ,01-Aug-22,2377.8,2397,2397,2362.05,2380,2383.75,2377.85,2297226,5462456367,116880
HDFC,W3,01-Aug-22,427.05,431,437.6,420.25,435,435,429.47,27600,11853360,41
HDFC,EQ,02-Aug-22,2383.75,2371.3,2380,2330.25,2342.4,2353.3,2348.74,2830058,6647062133,118058
HDFC,W3,02-Aug-22,435,430,435,422.25,430,428.9,429.49,31200,13399980,47
HDFC,EQ,03-Aug-22,2353.3,2353.3,2374,2325,2367.9,2368.4,2347.61,2738937,6429958353,123915
HDFC,W3,03-Aug-22,428.9,431.3,438.05,424.1,435.2,437.1,429.86,16200,6963780,25
HDFC,EQ,04-Aug-22,2368.4,2379.85,2386.25,2330,2354.1,2361.75,2360.03,1807757,4266363846,99381
HDFC,W3,04-Aug-22,437.1,444,444,428,438,438,432.62,16800,7268040,26
HDFC,EQ,05-Aug-22,2361.75,2362,2363.95,2336.1,2353.9,2355.2,2352.74,1802793,4241508098,89233
HDFC,BL,08-Aug-22,2295.95,2355.2,2355.2,2355.2,2355.2,2355.2,2355.2,2318005,5459365376,1
HDFC,EQ,08-Aug-22,2355.2,2360,2402,2342.15,2390.2,2393.7,2385.01,2191019,5225595989,99860
HDFC,W3,08-Aug-22,438,438,452,438,447.9,445.25,446.05,16800,7493670,28
HDFC,EQ,10-Aug-22,2393.7,2404.45,2406.85,2370.85,2394,2398.3,2394.65,2345758,5617267877,90849
HDFC,W3,10-Aug-22,445.25,450,454,445,448,447,448.29,4200,1882800,7
HDFC,EQ,11-Aug-22,2398.3,2421,2463.5,2416,2451.5,2454.85,2443.45,3970325,9701287784,151285
HDFC,W3,11-Aug-22,447,465,477,461,468,467.9,467.91,14400,6737850,23
HDFC,EQ,12-Aug-22,2454.85,2448,2469.95,2438.6,2455.6,2456.4,2457.96,2502119,6150096108,152763
HDFC,W3,12-Aug-22,467.9,468,482,463.1,465,465,470.09,10200,4794930,17
HDFC,EQ,16-Aug-22,2456.4,2470,2490,2466.55,2486,2484.15,2482.16,2294546,5695433095,98285
HDFC,W3,16-Aug-22,465,484,490,478,488,484.55,483.82,17400,8418450,27
HDFC,EQ,17-Aug-22,2484.15,2486,2498,2444.05,2487.6,2491.6,2479.94,1636890,4059392352,81768
HDFC,W3,17-Aug-22,484.55,488,499,487,495,496.3,493.68,19200,9478740,30
HDFC,EQ,18-Aug-22,2491.6,2480,2507.95,2480,2500,2497.95,2494.1,2219069,5534584973,90554
HDFC,W3,18-Aug-22,496.3,499,499,489,498,498,495.19,12000,5942220,20
HDFC,EQ,19-Aug-22,2497.95,2492.55,2500,2459.6,2462.1,2468.05,2480.32,2411051,5980172795,109473
HDFC,W3,19-Aug-22,498,507.8,507.8,480.1,480.1,481.05,489.76,10200,4995510,17
HDFC,EQ,22-Aug-22,2468.05,2456.55,2460.95,2419.25,2422,2423.2,2430.41,1712483,4162035874,94868
HDFC,W3,22-Aug-22,481.05,468,469.95,457,463.85,462,462.79,12600,5831190,21
HDFC,EQ,23-Aug-22,2423.2,2403,2440.95,2396.85,2428.1,2420.75,2417.91,1639606,3964411915,102967
HDFC,W3,23-Aug-22,462,460.25,460.25,451.25,451.25,451.25,456.59,3600,1643730,6
HDFC,EQ,24-Aug-22,2420.75,2400,2443,2400,2436.4,2438.5,2429.32,2194348,5330777373,105135
HDFC,W3,24-Aug-22,451.25,450,474.8,450,474.8,471.55,461.47,7800,3599490,13
HDFC,EQ,25-Aug-22,2438.5,2450,2468.4,2410.35,2417.25,2419.75,2446.04,1276129,3121458864,80552
HDFC,W3,25-Aug-22,471.55,471.55,481,470,470,472.45,476.02,11400,5426670,19
HDFC,EQ,26-Aug-22,2419.75,2435,2445,2390.5,2401.25,2396.7,2413.1,2461738,5940422091,111748
HDFC,W3,26-Aug-22,472.45,460.25,460.25,455,455,455.1,457.24,4200,1920390,7
HDFC,EQ,29-Aug-22,2396.7,2354,2379,2340,2367.3,2366,2360.94,2202446,5199848190,111504
HDFC,W3,29-Aug-22,455.1,436.1,440.6,422.6,436,436,433.96,24000,10415070,35
HDFC,EQ,30-Aug-22,2366,2377.85,2452.15,2375,2447,2446.4,2423.48,3085257,7477060851,113910
HDFC,W3,30-Aug-22,436,450,477.8,442,470,474.1,452.25,60000,27135210,42
HDFC,EQ,01-Sep-22,2446.4,2409.25,2436.7,2393.7,2406.1,2404.2,2410.79,3005743,7246222176,144860
HDFC,W3,01-Sep-22,474.1,448.5,463.9,441,450,446.45,450.59,12000,5407020,20
HDFC,EQ,02-Sep-22,2404.2,2405,2449.8,2381,2440,2444.35,2423.22,3661775,8873280594,133763
HDFC,W3,02-Sep-22,446.45,459.95,469.9,440.1,469.9,468.7,457.85,10800,4944780,18
HDFC,EQ,05-Sep-22,2444.35,2454.9,2464.5,2439.5,2454.9,2456.25,2455.34,1772185,4351318472,74540
HDFC,W3,05-Sep-22,468.7,482,482,466.1,473.85,473.85,474.14,15000,7112160,18
HDFC,EQ,06-Sep-22,2456.25,2461,2472.65,2442.1,2443.6,2448.5,2454.47,2551663,6262974454,109969
HDFC,W3,06-Sep-22,473.85,480,480,460,462,462,466.92,13200,6163380,20
HDFC,EQ,07-Sep-22,2448.5,2422,2441.8,2416,2427.5,2427.8,2429.54,1176941,2859424678,67340
HDFC,W3,07-Sep-22,462,455,456,454,456,456,455.09,3600,1638330,6
HDFC,EQ,08-Sep-22,2427.8,2445.15,2454,2428,2453,2449.65,2441.7,1936503,4728359291,80508
HDFC,W3,08-Sep-22,456,462,469,458.05,468,468.25,463.25,7200,3335400,12
HDFC,EQ,09-Sep-22,2449.65,2465,2468.45,2425.9,2431,2431.5,2450.11,3243775,7947609279,104205
HDFC,W3,09-Sep-22,468.25,467,470,453.1,453.1,453.1,467.7,12000,5612370,19
